championship_name,event,round,player_a,state_a,score_a,player_b,state_b,score_b,winner,winner_state
38th National Games Uttarakhand,Recurve Men Individual,Round 1,"Services Sports Control Board

Bommadevara Dhiraj",,3,"Uttarakhand

Jitender Rawat",,7,"Uttarakhand

Jitender Rawat",
38th National Games Uttarakhand,Recurve Men Individual,Round 1,"Tamil Nadu

Smaran Sarvesh L R",,6,"Haryana

Basant Kumar",,5,"Tamil Nadu

Smaran Sarvesh L R",
38th National Games Uttarakhand,Recurve Men Individual,Round 1,"Haryana

Paras Hooda",,2,"Uttarakhand

Harshit Kumar",,6,"Uttarakhand

Harshit Kumar",
38th National Games Uttarakhand,Recurve Men Individual,Round 1,"Uttarakhand

Kartik Rana",,4,"Services Sports Control Board

Indra Indra",,6,"Services Sports Control Board

Indra Indra",
38th National Games Uttarakhand,Recurve Men Individual,Round 1,"Services Sports Control Board

Rahul",,6,"Rajasthan

Ajay Nagarwal",,2,"Services Sports Control Board

Rahul",
38th National Games Uttarakhand,Recurve Men Individual,Round 1,"Delhi

Dhruv Bagga",,7,"Rajasthan

Mahesh Kumawat",,1,"Delhi

Dhruv Bagga",
38th National Games Uttarakhand,Recurve Men Individual,Round 1,"Manipur

Takhellambam Meitei",,6,"Mizoram

Sachin Vedwan",,2,"Manipur

Takhellambam Meitei",
38th National Games Uttarakhand,Recurve Men Individual,Round 1,"Andhra Pradesh

Kodandapani Jathya",,0,"Madhya Pradesh

Amit Kumar",,6,"Madhya Pradesh

Amit Kumar",
38th National Games Uttarakhand,Recurve Men Individual,Round 1,"West Bengal

Juyel Sarkar",,6,"Chhattisgarh

Gitesh Yadav",,2,"West Bengal

Juyel Sarkar",
38th National Games Uttarakhand,Recurve Men Individual,Round 1,"Uttar Pradesh

Rohit Kumar",,6,"Assam

Bishal Changmai",,5,"Uttar Pradesh

Rohit Kumar",
38th National Games Uttarakhand,Recurve Men Individual,Round 1,"Haryana

Agastay Singh",,7,"Haryana

Divyansh Chaudhary",,3,"Haryana

Agastay Singh",
38th National Games Uttarakhand,Recurve Men Individual,Round 1,"Assam

Jayanta Talukdar",,6,"Uttar Pradesh

Neeraj Chauhan",,0,"Assam

Jayanta Talukdar",
38th National Games Uttarakhand,Recurve Men Individual,Round 1,"Jharkhand

Goldi Mishra",,6,"Jharkhand

Shrey Bhardwaj",,4,"Jharkhand

Goldi Mishra",
38th National Games Uttarakhand,Recurve Men Individual,Round 1,"Maharashtra

Shukmani Babrekar",,4,"Uttarakhand

Atul Verma",,6,"Uttarakhand

Atul Verma",
38th National Games Uttarakhand,Recurve Men Individual,Round 1,"Services Sports Control Board

Sukhchain Singh",,7,"Uttar Pradesh

Aman Yadav",,3,"Services Sports Control Board

Sukhchain Singh",
38th National Games Uttarakhand,Recurve Men Individual,Round 1,"Odisha

Arjuna Khara",,2,"Sikkim

Tarun Rai",,6,"Sikkim

Tarun Rai",
38th National Games Uttarakhand,Recurve Men Individual,Round 2,"Uttarakhand

Jitender Rawat",,0,"Tamil Nadu

Smaran Sarvesh L R",,6,"Tamil Nadu

Smaran Sarvesh L R",
38th National Games Uttarakhand,Recurve Men Individual,Round 2,"Uttarakhand

Harshit Kumar",,0,"Services Sports Control Board

Indra Indra",,6,"Services Sports Control Board

Indra Indra",
38th National Games Uttarakhand,Recurve Men Individual,Round 2,"Services Sports Control Board

Rahul",,7,"Delhi

Dhruv Bagga",,1,"Services Sports Control Board

Rahul",
38th National Games Uttarakhand,Recurve Men Individual,Round 2,"Manipur

Takhellambam Meitei",,6,"Madhya Pradesh

Amit Kumar",,5,"Manipur

Takhellambam Meitei",
38th National Games Uttarakhand,Recurve Men Individual,Round 2,"West Bengal

Juyel Sarkar",,7,"Uttar Pradesh

Rohit Kumar",,3,"West Bengal

Juyel Sarkar",
38th National Games Uttarakhand,Recurve Men Individual,Round 2,"Haryana

Agastay Singh",,0,"Assam

Jayanta Talukdar",,6,"Assam

Jayanta Talukdar",
38th National Games Uttarakhand,Recurve Men Individual,Round 2,"Jharkhand

Goldi Mishra",,6,"Uttarakhand

Atul Verma",,4,"Jharkhand

Goldi Mishra",
38th National Games Uttarakhand,Recurve Men Individual,Round 2,"Services Sports Control Board

Sukhchain Singh",,3,"Sikkim

Tarun Rai",,7,"Sikkim

Tarun Rai",
38th National Games Uttarakhand,Recurve Men Individual,Quarter Final,"Tamil Nadu

Smaran Sarvesh L R",,0,"Services Sports Control Board

Indra Indra",,6,"Services Sports Control Board

Indra Indra",
38th National Games Uttarakhand,Recurve Men Individual,Quarter Final,"Services Sports Control Board

Rahul",,6,"Manipur

Takhellambam Meitei",,0,"Services Sports Control Board

Rahul",
38th National Games Uttarakhand,Recurve Men Individual,Quarter Final,"West Bengal

Juyel Sarkar",,6,"Assam

Jayanta Talukdar",,2,"West Bengal

Juyel Sarkar",
38th National Games Uttarakhand,Recurve Men Individual,Quarter Final,"Jharkhand

Goldi Mishra",,4,"Sikkim

Tarun Rai",,6,"Sikkim

Tarun Rai",
38th National Games Uttarakhand,Recurve Men Individual,Semi Final,"Services Sports Control Board

Indra Indra",,6,"Services Sports Control Board

Rahul",,4,"Services Sports Control Board

Indra Indra",
38th National Games Uttarakhand,Recurve Men Individual,Semi Final,"West Bengal

Juyel Sarkar",,6,"Sikkim

Tarun Rai",,2,"West Bengal

Juyel Sarkar",
38th National Games Uttarakhand,Recurve Men Individual,Final,"West Bengal

Juyel Sarkar",,6,"Services Sports Control Board

Indra Indra",,4,"West Bengal

Juyel Sarkar",
38th National Games Uttarakhand,Recurve Men Individual,Winner,"West Bengal

Juyel Sarkar",,,,,,,
38th National Games Uttarakhand,Recurve Men Individual,Round 1,"Services Sports Control Board

Rahul",,2,"Sikkim

Tarun Rai",,6,"Sikkim

Tarun Rai",
38th National Games Uttarakhand,Compound Men Individual,Round 1,"Delhi

Abhishek Verma",,149,"Uttar Pradesh

Prince Rajput",,147,"Delhi

Abhishek Verma",
38th National Games Uttarakhand,Compound Men Individual,Round 1,"Maharashtra

Prathmesh Fuge",,147,"Rajasthan

Siddharth Dudhwal",,145,"Maharashtra

Prathmesh Fuge",
38th National Games Uttarakhand,Compound Men Individual,Round 1,"Maharashtra

Ojas Deotale",,147,"Jharkhand

Deepak Kumar",,145,"Maharashtra

Ojas Deotale",
38th National Games Uttarakhand,Compound Men Individual,Round 1,"Maharashtra

Sahil Jadhav",,146,"Chhattisgarh

Toman Kumar",,142,"Maharashtra

Sahil Jadhav",
38th National Games Uttarakhand,Compound Men Individual,Round 1,"Delhi

Madhur",,147(9,"Andhra Pradesh

Thirumuru Mani Ratnam",,147(1,,
38th National Games Uttarakhand,Compound Men Individual,Round 1,"Rajasthan

Jasmeet Singh",,145,"Tamil Nadu

Chinnaraju Srither",,139,"Rajasthan

Jasmeet Singh",
38th National Games Uttarakhand,Compound Men Individual,Round 1,"Haryana

Rohit Dagar",,145,"Jammu and Kashmir

Hritik Sharma",,147,"Jammu and Kashmir

Hritik Sharma",
38th National Games Uttarakhand,Compound Men Individual,Round 1,"Haryana

Mohit Dagar",,147,"Services Sports Control Board

Kunderu Venkatadri",,145,"Haryana

Mohit Dagar",
38th National Games Uttarakhand,Compound Men Individual,Round 1,"Punjab

Gurwinder Singh",,145,"Delhi

Priyansh",,148,"Delhi

Priyansh",
38th National Games Uttarakhand,Compound Men Individual,Round 1,"Haryana

Kushal Dalal",,148,"Services Sports Control Board

Shekher Vaidwan",,146,"Haryana

Kushal Dalal",
38th National Games Uttarakhand,Compound Men Individual,Round 1,"Delhi

Aman Saini",,146(1,"Maharashtra

Tejbeersingh Jahagirdar",,146(9,,
38th National Games Uttarakhand,Compound Men Individual,Round 1,"Chandigarh

Naveen",,140,"Madhya Pradesh

Chirag Vidhyarthi",,148,"Madhya Pradesh

Chirag Vidhyarthi",
38th National Games Uttarakhand,Compound Men Individual,Round 1,"Punjab

Uday Kamboj",,148,"Jammu and Kashmir

Amit Thakur",,142,"Punjab

Uday Kamboj",
38th National Games Uttarakhand,Compound Men Individual,Round 1,"Punjab

Simranjot Singh",,141,"Rajasthan

Rajat Chauhan",,147,"Rajasthan

Rajat Chauhan",
38th National Games Uttarakhand,Compound Men Individual,Round 1,"Punjab

Sukhmandeep Singh",,144(1,"Jammu and Kashmir

Amit Thakur",,144(9,,
38th National Games Uttarakhand,Compound Men Individual,Round 1,"Services Sports Control Board

Chittibomma Jignas",,143,"Haryana

Rishabh Yadav",,146,"Haryana

Rishabh Yadav",
38th National Games Uttarakhand,Compound Men Individual,Round 2,"Delhi

Abhishek Verma",,147,"Maharashtra

Ojas Deotale",,149,"Maharashtra

Ojas Deotale",
38th National Games Uttarakhand,Compound Men Individual,Round 2,"Maharashtra

Sahil Jadhav",,148,"Andhra Pradesh

Thirumuru Mani Ratnam",,148,,
38th National Games Uttarakhand,Compound Men Individual,Round 2,"Rajasthan

Jasmeet Singh",,148,"Jammu and Kashmir

Hritik Sharma",,149,"Jammu and Kashmir

Hritik Sharma",
38th National Games Uttarakhand,Compound Men Individual,Round 2,"Haryana

Mohit Dagar",,146,"Delhi

Priyansh",,147,"Delhi

Priyansh",
38th National Games Uttarakhand,Compound Men Individual,Round 2,"Haryana

Kushal Dalal",,149,"Delhi

Aman Saini",,147,"Haryana

Kushal Dalal",
38th National Games Uttarakhand,Compound Men Individual,Round 2,"Maharashtra

Prathmesh Fuge",,148,"Madhya Pradesh

Chirag Vidhyarthi",,145,"Maharashtra

Prathmesh Fuge",
38th National Games Uttarakhand,Compound Men Individual,Round 2,"Punjab

Uday Kamboj",,147,"Rajasthan

Rajat Chauhan",,150,"Rajasthan

Rajat Chauhan",
38th National Games Uttarakhand,Compound Men Individual,Round 2,"Punjab

Sukhmandeep Singh",,145,"Haryana

Rishabh Yadav",,149,"Haryana

Rishabh Yadav",
38th National Games Uttarakhand,Compound Men Individual,Quarter Final,"Maharashtra

Ojas Deotale",,147,"Andhra Pradesh

Thirumuru Mani Ratnam",,147,,
38th National Games Uttarakhand,Compound Men Individual,Quarter Final,"Jammu and Kashmir

Hritik Sharma",,148,"Delhi

Priyansh",,146,"Jammu and Kashmir

Hritik Sharma",
38th National Games Uttarakhand,Compound Men Individual,Quarter Final,"Haryana

Kushal Dalal",,149,"Maharashtra

Prathmesh Fuge",,146,"Haryana

Kushal Dalal",
38th National Games Uttarakhand,Compound Men Individual,Quarter Final,"Rajasthan

Rajat Chauhan",,149,"Haryana

Rishabh Yadav",,148,"Rajasthan

Rajat Chauhan",
38th National Games Uttarakhand,Compound Men Individual,Semi Final,"Andhra Pradesh

Thirumuru Mani Ratnam",,145,"Jammu and Kashmir

Hritik Sharma",,248,"Jammu and Kashmir

Hritik Sharma",
38th National Games Uttarakhand,Compound Men Individual,Semi Final,"Haryana

Kushal Dalal",,145,"Rajasthan

Rajat Chauhan",,146,"Rajasthan

Rajat Chauhan",
38th National Games Uttarakhand,Compound Men Individual,Final,"Rajasthan

Rajat Chauhan",,144,"Jammu and Kashmir

Hritik Sharma",,143,"Rajasthan

Rajat Chauhan",
38th National Games Uttarakhand,Compound Men Individual,Winner,"Rajasthan

Rajat Chauhan",,,,,,,
38th National Games Uttarakhand,Compound Men Individual,Round 1,"Andhra Pradesh

Thirumuru Mani Ratnam",,149,"Haryana

Kushal Dalal",,144,"Andhra Pradesh

Thirumuru Mani Ratnam",
38th National Games Uttarakhand,Indian Round Men Individual,Round 1,"Uttarakhand

Adarsh Panwar",,6,"Uttarakhand

Pradeep",,0,"Uttarakhand

Adarsh Panwar",
38th National Games Uttarakhand,Indian Round Men Individual,Round 1,"Rajasthan

Kamal Kumar",,4,"Odisha

Sraban Mandangi",,6,"Odisha

Sraban Mandangi",
38th National Games Uttarakhand,Indian Round Men Individual,Round 1,"Manipur

Chanambam Singh",,6,"Haryana

Ravi",,4,"Manipur

Chanambam Singh",
38th National Games Uttarakhand,Indian Round Men Individual,Round 1,"Bihar

Jay Prakash",,2,"Andhra Pradesh

Gemmeli Naidu",,6,"Andhra Pradesh

Gemmeli Naidu",
38th National Games Uttarakhand,Indian Round Men Individual,Round 1,"Uttar Pradesh

Manish Manish",,6,"Odisha

Sanjaya Majhi",,2,"Uttar Pradesh

Manish Manish",
38th National Games Uttarakhand,Indian Round Men Individual,Round 1,"Mizoram

Vai Bhav",,2,"Uttar Pradesh

Jaydeep Kushwaha",,6,"Uttar Pradesh

Jaydeep Kushwaha",
38th National Games Uttarakhand,Indian Round Men Individual,Round 1,"Haryana

Ashish Malik",,6,"Uttar Pradesh

Abhishek",,2,"Haryana

Ashish Malik",
38th National Games Uttarakhand,Indian Round Men Individual,Round 1,"Maharashtra

Aniket Gavade",,7,"Haryana

Yashu",,1,"Maharashtra

Aniket Gavade",
38th National Games Uttarakhand,Indian Round Men Individual,Round 1,"Maharashtra

Gaurav Chandane",,6,"Maharashtra

Pawan Jadhav",,0,"Maharashtra

Gaurav Chandane",
38th National Games Uttarakhand,Indian Round Men Individual,Round 1,"Maharashtra

Roshan Solanke",,7,"Delhi

Monu Kumar",,3,"Maharashtra

Roshan Solanke",
38th National Games Uttarakhand,Indian Round Men Individual,Round 1,"Maharashtra

Roshan Solanke",,7,"Delhi

Monu Kumar",,3,"Maharashtra

Roshan Solanke",
38th National Games Uttarakhand,Indian Round Men Individual,Round 1,"Jharkhand

Madho Birua",,1,"Haryana

Rahul",,7,"Haryana

Rahul",
38th National Games Uttarakhand,Indian Round Men Individual,Round 1,"Manipur

Keisham Singh",,5,"Manipur

Chingakham Singh",,5,,
38th National Games Uttarakhand,Indian Round Men Individual,Round 1,"Andhra Pradesh

Guduru Lokesh",,6,"Kerala

Dasarath Rajagopal",,0,"Andhra Pradesh

Guduru Lokesh",
38th National Games Uttarakhand,Indian Round Men Individual,Round 1,"Andhra Pradesh

Akumala Sathwik",,1,"Punjab

Gurmann Kamboj",,7,"Punjab

Gurmann Kamboj",
38th National Games Uttarakhand,Indian Round Men Individual,Round 1,"Assam

Arun Baro",,5,"Manipur

Elangbam Meitei",,5,,
38th National Games Uttarakhand,Indian Round Men Individual,Round 1,"Telangana

Kayam Laxman",,0,"Uttar Pradesh

Subham",,6,"Uttar Pradesh

Subham",
38th National Games Uttarakhand,Indian Round Men Individual,Round 2,"Uttarakhand

Adarsh Panwar",,6,"Odisha

Sraban Mandangi",,4,"Uttarakhand

Adarsh Panwar",
38th National Games Uttarakhand,Indian Round Men Individual,Round 2,"Manipur

Chanambam Singh",,6,"Andhra Pradesh

Gemmeli Naidu",,4,"Manipur

Chanambam Singh",
38th National Games Uttarakhand,Indian Round Men Individual,Round 2,"Uttar Pradesh

Manish Manish",,7,"Uttar Pradesh

Jaydeep Kushwaha",,3,"Uttar Pradesh

Manish Manish",
38th National Games Uttarakhand,Indian Round Men Individual,Round 2,"Haryana

Ashish Malik",,5,"Maharashtra

Aniket Gavade",,5,,
38th National Games Uttarakhand,Indian Round Men Individual,Round 2,"Maharashtra

Gaurav Chandane",,7,"Maharashtra

Roshan Solanke",,3,"Maharashtra

Gaurav Chandane",
38th National Games Uttarakhand,Indian Round Men Individual,Round 2,"Haryana

Rahul",,2,"Manipur

Chingakham Singh",,6,"Manipur

Chingakham Singh",
38th National Games Uttarakhand,Indian Round Men Individual,Round 2,"Andhra Pradesh

Guduru Lokesh",,5,"Punjab

Gurmann Kamboj",,5,,
38th National Games Uttarakhand,Indian Round Men Individual,Round 2,"Manipur

Elangbam Meitei",,2,"Uttar Pradesh

Subham",,6,"Uttar Pradesh

Subham",
38th National Games Uttarakhand,Indian Round Men Individual,Quarter Final,"Uttarakhand

Adarsh Panwar",,7,"Manipur

Chanambam Singh",,3,"Uttarakhand

Adarsh Panwar",
38th National Games Uttarakhand,Indian Round Men Individual,Quarter Final,"Uttar Pradesh

Manish Manish",,6,"Haryana

Ashish Malik",,4,"Uttar Pradesh

Manish Manish",
38th National Games Uttarakhand,Indian Round Men Individual,Quarter Final,"Maharashtra

Gaurav Chandane",,3,"Manipur

Chingakham Singh",,7,"Manipur

Chingakham Singh",
38th National Games Uttarakhand,Indian Round Men Individual,Quarter Final,"Punjab

Gurmann Kamboj",,1,"Uttar Pradesh

Subham",,7,"Uttar Pradesh

Subham",
38th National Games Uttarakhand,Indian Round Men Individual,Semi Final,"Uttarakhand

Adarsh Panwar",,2,"Uttar Pradesh

Manish Manish",,6,"Uttar Pradesh

Manish Manish",
38th National Games Uttarakhand,Indian Round Men Individual,Semi Final,"Manipur

Chingakham Singh",,2,"Uttar Pradesh

Subham",,6,"Uttar Pradesh

Subham",
38th National Games Uttarakhand,Indian Round Men Individual,Final,"Uttar Pradesh

Manish Manish",,,"Uttar Pradesh

Subham",,,,
38th National Games Uttarakhand,Indian Round Men Individual,Winner,"Uttar Pradesh

Manish Manish",,,,,,,
38th National Games Uttarakhand,Indian Round Men Individual,Round 1,"Uttarakhand

Adarsh Panwar",,0,"Manipur

Chingakham Singh",,0,,
38th National Games Uttarakhand,Recurve Men Team,Quarter Final,Services Sports Control Board,Services Sports Control Board,6,Rajasthan,Rajasthan,2,Services Sports Control Board,
38th National Games Uttarakhand,Recurve Men Team,Quarter Final,Jharkhand,Jharkhand,6,Uttarakhand,Uttarakhand,0,Jharkhand,
38th National Games Uttarakhand,Recurve Men Team,Quarter Final,Uttar Pradesh,Uttar Pradesh,6,Assam,Assam,0,Uttar Pradesh,
38th National Games Uttarakhand,Recurve Men Team,Quarter Final,Delhi,Delhi,1,Haryana,Haryana,5,Haryana,
38th National Games Uttarakhand,Recurve Men Team,Semi Final,Services Sports Control Board,Services Sports Control Board,3,Jharkhand,Jharkhand,5,Jharkhand,
38th National Games Uttarakhand,Recurve Men Team,Semi Final,Uttar Pradesh,Uttar Pradesh,5,Haryana,Haryana,4,Uttar Pradesh,
38th National Games Uttarakhand,Recurve Men Team,Final,Jharkhand,Jharkhand,5,Uttar Pradesh,Uttar Pradesh,4,Jharkhand,
38th National Games Uttarakhand,Recurve Men Team,Winner,,,,,,,,
38th National Games Uttarakhand,Recurve Men Team,Quarter Final,Services Sports Control Board,Services Sports Control Board,5,Haryana,Haryana,4,Services Sports Control Board,
38th National Games Uttarakhand,Compound Men Team,Quarter Final,Haryana,Haryana,235,Uttarakhand,Uttarakhand,231,Haryana,
38th National Games Uttarakhand,Compound Men Team,Quarter Final,Punjab,Punjab,229,Rajasthan,Rajasthan,232,Rajasthan,
38th National Games Uttarakhand,Compound Men Team,Quarter Final,Maharashtra,Maharashtra,230,Jammu and Kashmir,Jammu and Kashmir,231,Jammu and Kashmir,
38th National Games Uttarakhand,Compound Men Team,Quarter Final,Services Sports Control Board,Services Sports Control Board,232,Delhi,Delhi,237,Delhi,
38th National Games Uttarakhand,Compound Men Team,Semi Final,Haryana,Haryana,232,Rajasthan,Rajasthan,227,Haryana,
38th National Games Uttarakhand,Compound Men Team,Semi Final,Jammu and Kashmir,Jammu and Kashmir,229,Delhi,Delhi,235,Delhi,
38th National Games Uttarakhand,Compound Men Team,Final,Delhi,Delhi,234,Haryana,Haryana,232,Delhi,
38th National Games Uttarakhand,Compound Men Team,Winner,,,,,,,,
38th National Games Uttarakhand,Compound Men Team,Quarter Final,Rajasthan,Rajasthan,229,Jammu and Kashmir,Jammu and Kashmir,222,Rajasthan,
38th National Games Uttarakhand,Indian Round Men Team,Quarter Final,Uttar Pradesh,Uttar Pradesh,6,Rajasthan,Rajasthan,0,Uttar Pradesh,
38th National Games Uttarakhand,Indian Round Men Team,Quarter Final,Maharashtra,Maharashtra,6,Andhra Pradesh,Andhra Pradesh,0,Maharashtra,
38th National Games Uttarakhand,Indian Round Men Team,Quarter Final,Haryana,Haryana,6,Uttarakhand,Uttarakhand,0,Haryana,
38th National Games Uttarakhand,Indian Round Men Team,Quarter Final,Odisha,Odisha,6,Manipur,Manipur,2,Odisha,
38th National Games Uttarakhand,Indian Round Men Team,Semi Final,Uttar Pradesh,Uttar Pradesh,5,Maharashtra,Maharashtra,3,Uttar Pradesh,
38th National Games Uttarakhand,Indian Round Men Team,Semi Final,Haryana,Haryana,6,Odisha,Odisha,2,Haryana,
38th National Games Uttarakhand,Indian Round Men Team,Final,Uttar Pradesh,Uttar Pradesh,,Haryana,Haryana,,,
38th National Games Uttarakhand,Indian Round Men Team,Winner,,,,,,,,
38th National Games Uttarakhand,Indian Round Men Team,Quarter Final,Maharashtra,Maharashtra,0,Odisha,Odisha,0,,
38th National Games Uttarakhand,Recurve Women Individual,Round 1,"Jharkhand

Deepika Kumari",,6,"West Bengal

Rimil Hembram",,0,"Jharkhand

Deepika Kumari",
38th National Games Uttarakhand,Recurve Women Individual,Round 1,"Gujarat

Maitriben Padhiyar",,2,"Delhi

Gunjan Kumari",,6,"Delhi

Gunjan Kumari",
38th National Games Uttarakhand,Recurve Women Individual,Round 1,"Maharashtra

Sharvari Shende",,4,"Andhra Pradesh

Kondapavuluri Sri",,6,"Andhra Pradesh

Kondapavuluri Sri",
38th National Games Uttarakhand,Recurve Women Individual,Round 1,"Rajasthan

Pranjal Tholiya",,2,"Punjab

Simranjeet Kaur",,6,"Punjab

Simranjeet Kaur",
38th National Games Uttarakhand,Recurve Women Individual,Round 1,"Maharashtra

Gatha Khadake",,6,"Jharkhand

Tamanna Verma",,0,"Maharashtra

Gatha Khadake",
38th National Games Uttarakhand,Recurve Women Individual,Round 1,"West Bengal

Aditi Jaiswal",,4,"Haryana

Kirti",,6,"Haryana

Kirti",
38th National Games Uttarakhand,Recurve Women Individual,Round 1,"Maharashtra

Mukta Modgi",,7,"Assam

Anisha Das",,3,"Maharashtra

Mukta Modgi",
38th National Games Uttarakhand,Recurve Women Individual,Round 1,"Assam

Jashna Brahma",,4,"Gujarat

Bhagora Bhargaviben",,6,"Gujarat

Bhagora Bhargaviben",
38th National Games Uttarakhand,Recurve Women Individual,Round 1,"West Bengal

Basanti Mahato",,6,"Bihar

Punam Singh",,2,"West Bengal

Basanti Mahato",
38th National Games Uttarakhand,Recurve Women Individual,Round 1,"West Bengal

Ruma Biswas",,7,"Assam

Promila Daimary",,3,"West Bengal

Ruma Biswas",
38th National Games Uttarakhand,Recurve Women Individual,Round 1,"Bihar

Anshika Kumari",,6,"Rajasthan

Harpreet Kaur",,4,"Bihar

Anshika Kumari",
38th National Games Uttarakhand,Recurve Women Individual,Round 1,"Punjab

Veerpal Kaur",,2,"Maharashtra

Vaishnavi Pawar",,6,"Maharashtra

Vaishnavi Pawar",
38th National Games Uttarakhand,Recurve Women Individual,Round 1,"Jharkhand

Ankita Bhakat",,6,"Haryana

Avani",,0,"Jharkhand

Ankita Bhakat",
38th National Games Uttarakhand,Recurve Women Individual,Round 1,"Chhattisgarh

Diksha Nayak",,0,"Haryana

Bhajan Kaur",,6,"Haryana

Bhajan Kaur",
38th National Games Uttarakhand,Recurve Women Individual,Round 1,"Assam

Sonali Basumatary",,6,"Madhya Pradesh

Jahnvi Deshmukh",,4,"Assam

Sonali Basumatary",
38th National Games Uttarakhand,Recurve Women Individual,Round 1,"Madhya Pradesh

Kratika Bichpuriya",,2,"Jharkhand

Komalika Bari",,6,"Jharkhand

Komalika Bari",
38th National Games Uttarakhand,Recurve Women Individual,Round 2,"Jharkhand

Deepika Kumari",,6,"Delhi

Gunjan Kumari",,2,"Jharkhand

Deepika Kumari",
38th National Games Uttarakhand,Recurve Women Individual,Round 2,"Andhra Pradesh

Kondapavuluri Sri",,0,"Punjab

Simranjeet Kaur",,6,"Punjab

Simranjeet Kaur",
38th National Games Uttarakhand,Recurve Women Individual,Round 2,"Maharashtra

Gatha Khadake",,7,"Haryana

Kirti",,3,"Maharashtra

Gatha Khadake",
38th National Games Uttarakhand,Recurve Women Individual,Round 2,"Maharashtra

Mukta Modgi",,2,"Gujarat

Bhagora Bhargaviben",,6,"Gujarat

Bhagora Bhargaviben",
38th National Games Uttarakhand,Recurve Women Individual,Round 2,"West Bengal

Basanti Mahato",,5,"West Bengal

Ruma Biswas",,6,"West Bengal

Ruma Biswas",
38th National Games Uttarakhand,Recurve Women Individual,Round 2,"Bihar

Anshika Kumari",,6,"Maharashtra

Vaishnavi Pawar",,4,"Bihar

Anshika Kumari",
38th National Games Uttarakhand,Recurve Women Individual,Round 2,"Jharkhand

Ankita Bhakat",,6,"Haryana

Bhajan Kaur",,2,"Jharkhand

Ankita Bhakat",
38th National Games Uttarakhand,Recurve Women Individual,Round 2,"Assam

Sonali Basumatary",,2,"Jharkhand

Komalika Bari",,6,"Jharkhand

Komalika Bari",
38th National Games Uttarakhand,Recurve Women Individual,Quarter Final,"Jharkhand

Deepika Kumari",,6,"Punjab

Simranjeet Kaur",,5,"Jharkhand

Deepika Kumari",
38th National Games Uttarakhand,Recurve Women Individual,Quarter Final,"Maharashtra

Gatha Khadake",,6,"Gujarat

Bhagora Bhargaviben",,4,"Maharashtra

Gatha Khadake",
38th National Games Uttarakhand,Recurve Women Individual,Quarter Final,"West Bengal

Ruma Biswas",,4,"Bihar

Anshika Kumari",,6,"Bihar

Anshika Kumari",
38th National Games Uttarakhand,Recurve Women Individual,Quarter Final,"Jharkhand

Ankita Bhakat",,5,"Jharkhand

Komalika Bari",,6,"Jharkhand

Komalika Bari",
38th National Games Uttarakhand,Recurve Women Individual,Semi Final,"Jharkhand

Deepika Kumari",,6,"Maharashtra

Gatha Khadake",,5,"Jharkhand

Deepika Kumari",
38th National Games Uttarakhand,Recurve Women Individual,Semi Final,"Bihar

Anshika Kumari",,6,"Jharkhand

Komalika Bari",,4,"Bihar

Anshika Kumari",
38th National Games Uttarakhand,Recurve Women Individual,Final,"Jharkhand

Deepika Kumari",,6,"Bihar

Anshika Kumari",,4,"Jharkhand

Deepika Kumari",
38th National Games Uttarakhand,Recurve Women Individual,Winner,"Jharkhand

Deepika Kumari",,,,,,,
38th National Games Uttarakhand,Recurve Women Individual,Round 1,"Maharashtra

Gatha Khadake",,4,"Jharkhand

Komalika Bari",,6,"Jharkhand

Komalika Bari",
38th National Games Uttarakhand,Compound Women individual,Round 1,"Maharashtra

Aditi Swami",,142,"Telangana

M Sreshta Reddy",,141,"Maharashtra

Aditi Swami",
38th National Games Uttarakhand,Compound Women individual,Round 1,"Jammu and Kashmir

Sunaina Devi",,140,"Rajasthan

Shruti Jadaun",,142,"Rajasthan

Shruti Jadaun",
38th National Games Uttarakhand,Compound Women individual,Round 1,"Delhi

Pragati",,146,"Tamil Nadu

Madhuravarshini Muruganantham",,145,"Delhi

Pragati",
38th National Games Uttarakhand,Compound Women individual,Round 1,"Punjab

Avneet Kaur",,145,"Delhi

Samiksha Manaktala",,143,"Punjab

Avneet Kaur",
38th National Games Uttarakhand,Compound Women individual,Round 1,"Rajasthan

Supyar Choudhary",,144,"Telangana

T Chikitha",,144,,
38th National Games Uttarakhand,Compound Women individual,Round 1,"Punjab

Parneet Kaur",,144,"Uttar Pradesh

Risha Rathi",,137,"Punjab

Parneet Kaur",
38th National Games Uttarakhand,Compound Women individual,Round 1,"Rajasthan

Swati Dudhwal",,143,"Punjab

Jasveer Kaur",,146,"Punjab

Jasveer Kaur",
38th National Games Uttarakhand,Compound Women individual,Round 1,"Telangana

B Manasanayana",,144,"Goa

Subbiksha Krishnan",,142,"Telangana

B Manasanayana",
38th National Games Uttarakhand,Compound Women individual,Round 1,"Madhya Pradesh

Raginee Markoo",,143,"Maharashtra

Madhura Dhamangaonkar",,146,"Maharashtra

Madhura Dhamangaonkar",
38th National Games Uttarakhand,Compound Women individual,Round 1,"Delhi

Kumud Saini",,145,"Haryana

Angel",,142,"Delhi

Kumud Saini",
38th National Games Uttarakhand,Compound Women individual,Round 1,"Maharashtra

Purvasha Shende",,144,"Maharashtra

Prithika",,146,"Maharashtra

Prithika",
38th National Games Uttarakhand,Compound Women individual,Round 1,"Jharkhand

Raj Kumari",,143,"Madhya Pradesh

Srishti Singh",,144,"Madhya Pradesh

Srishti Singh",
38th National Games Uttarakhand,Compound Women individual,Round 1,"Andhra Pradesh

Shanmukhi Budde",,146,"Haryana

Deepshikha",,147,"Haryana

Deepshikha",
38th National Games Uttarakhand,Compound Women individual,Round 1,"Punjab

Raj Kaur",,142,"Uttar Pradesh

Sakshi Chaudhary",,142,,
38th National Games Uttarakhand,Compound Women individual,Round 1,"Manipur

Kshetrimayum Devi",,142,"Rajasthan

Krati Swami",,139,"Manipur

Kshetrimayum Devi",
38th National Games Uttarakhand,Compound Women individual,Round 1,"Delhi

Mokshada Poharkar",,140,"Andhra Pradesh

Madala Hamsini",,147,"Andhra Pradesh

Madala Hamsini",
38th National Games Uttarakhand,Compound Women individual,Round 2,"Maharashtra

Aditi Swami",,147,"Delhi

Pragati",,146,"Maharashtra

Aditi Swami",
38th National Games Uttarakhand,Compound Women individual,Round 2,"Punjab

Avneet Kaur",,143,"Rajasthan

Supyar Choudhary",,141,"Punjab

Avneet Kaur",
38th National Games Uttarakhand,Compound Women individual,Round 2,"Punjab

Parneet Kaur",,150,"Punjab

Jasveer Kaur",,147,"Punjab

Parneet Kaur",
38th National Games Uttarakhand,Compound Women individual,Round 2,"Telangana

B Manasanayana",,145,"Tamil Nadu

Madhuravarshini Muruganantham",,149,"Tamil Nadu

Madhuravarshini Muruganantham",
38th National Games Uttarakhand,Compound Women individual,Round 2,"Delhi

Kumud Saini",,146,"Maharashtra

Prithika",,145,"Delhi

Kumud Saini",
38th National Games Uttarakhand,Compound Women individual,Round 2,"Rajasthan

Shruti Jadaun",,140,"Madhya Pradesh

Srishti Singh",,147,"Madhya Pradesh

Srishti Singh",
38th National Games Uttarakhand,Compound Women individual,Round 2,"Haryana

Deepshikha",,145,"Uttar Pradesh

Sakshi Chaudhary",,144,"Haryana

Deepshikha",
38th National Games Uttarakhand,Compound Women individual,Round 2,"Manipur

Kshetrimayum Devi",,145,"Andhra Pradesh

Madala Hamsini",,149,"Andhra Pradesh

Madala Hamsini",
38th National Games Uttarakhand,Compound Women individual,Quarter Final,"Maharashtra

Aditi Swami",,144,"Punjab

Avneet Kaur",,145,"Punjab

Avneet Kaur",
38th National Games Uttarakhand,Compound Women individual,Quarter Final,"Punjab

Parneet Kaur",,150,"Maharashtra

Madhura Dhamangaonkar",,143,"Punjab

Parneet Kaur",
38th National Games Uttarakhand,Compound Women individual,Quarter Final,"Delhi

Kumud Saini",,144,"Madhya Pradesh

Srishti Singh",,138,"Delhi

Kumud Saini",
38th National Games Uttarakhand,Compound Women individual,Quarter Final,"Haryana

Deepshikha",,148(1,"Andhra Pradesh

Madala Hamsini",,148(9,,
38th National Games Uttarakhand,Compound Women individual,Semi Final,"Punjab

Avneet Kaur",,142,"Punjab

Parneet Kaur",,144,"Punjab

Parneet Kaur",
38th National Games Uttarakhand,Compound Women individual,Semi Final,"Delhi

Kumud Saini",,143,"Haryana

Deepshikha",,144,"Haryana

Deepshikha",
38th National Games Uttarakhand,Compound Women individual,Final,"Haryana

Deepshikha",,148,"Punjab

Parneet Kaur",,144,"Haryana

Deepshikha",
38th National Games Uttarakhand,Compound Women individual,Winner,"Haryana

Deepshikha",,,,,,,
38th National Games Uttarakhand,Compound Women individual,Round 1,"Punjab

Avneet Kaur",,143,"Delhi

Kumud Saini",,142,"Punjab

Avneet Kaur",
38th National Games Uttarakhand,Indian Round Women Individual,Round 1,"Haryana

Nikita",,7,"Uttar Pradesh

Vedakshi Tomar",,3,"Haryana

Nikita",
38th National Games Uttarakhand,Indian Round Women Individual,Round 1,"Assam

Tutumoni Boro",,5,"Punjab

Bhawna Rani",,5,,
38th National Games Uttarakhand,Indian Round Women Individual,Round 1,"Jharkhand

Chandmuni Kunkal",,0,"Kerala

Ayswarya A V",,6,"Kerala

Ayswarya A V",
38th National Games Uttarakhand,Indian Round Women Individual,Round 1,"Manipur

Millennia Thokchom",,5,"Kerala

Archa Vinod",,5,,
38th National Games Uttarakhand,Indian Round Women Individual,Round 1,"Jharkhand

Suman Gope",,0,"Chhattisgarh

Chandni Sahu",,6,"Chhattisgarh

Chandni Sahu",
38th National Games Uttarakhand,Indian Round Women Individual,Round 1,"Assam

Namrata Brahma",,6,"Madhya Pradesh

Shital Bairagi",,0,"Assam

Namrata Brahma",
38th National Games Uttarakhand,Indian Round Women Individual,Round 1,"Chhattisgarh

Sushila Netam",,4,"Gujarat

Rathva Amitaben",,6,"Gujarat

Rathva Amitaben",
38th National Games Uttarakhand,Indian Round Women Individual,Round 1,"Haryana

Divya",,6,"Assam

Rita Basumatary",,2,"Haryana

Divya",
38th National Games Uttarakhand,Indian Round Women Individual,Round 1,"Rajasthan

Pratiksha",,0,"Jharkhand

Manisha Kumari",,6,"Jharkhand

Manisha Kumari",
38th National Games Uttarakhand,Indian Round Women Individual,Round 1,"Manipur

Moirangthem Devi",,6,"Manipur

Heikrujam Devi",,2,"Manipur

Moirangthem Devi",
38th National Games Uttarakhand,Indian Round Women Individual,Round 1,"Chhattisgarh

Sulochana Raj",,6,"Delhi

Bharti Saini",,4,"Chhattisgarh

Sulochana Raj",
38th National Games Uttarakhand,Indian Round Women Individual,Round 1,"Haryana

Monika",,6,"Uttarakhand

Pushpa",,2,"Haryana

Monika",
38th National Games Uttarakhand,Indian Round Women Individual,Round 1,"Jharkhand

Priya Mahali",,2,"Assam

Pallabi Boro",,6,"Assam

Pallabi Boro",
38th National Games Uttarakhand,Indian Round Women Individual,Round 1,"Uttarakhand

Binita Boro",,5,"Uttar Pradesh

Chhavi Rana",,5,,
38th National Games Uttarakhand,Indian Round Women Individual,Round 1,"Maharashtra

Bhavana Satyagiri",,6,"Delhi

Sapna Kumari",,0,"Maharashtra

Bhavana Satyagiri",
38th National Games Uttarakhand,Indian Round Women Individual,Round 1,"Chhattisgarh

Harshita Sahu",,0,"Manipur

Laiphrakpam Devi",,6,"Manipur

Laiphrakpam Devi",
38th National Games Uttarakhand,Indian Round Women Individual,Round 2,"Haryana

Nikita",,5,"Kerala

Ayswarya A V",,5,,
38th National Games Uttarakhand,Indian Round Women Individual,Round 2,"Kerala

Archa Vinod",,4,"Chhattisgarh

Chandni Sahu",,6,"Chhattisgarh

Chandni Sahu",
38th National Games Uttarakhand,Indian Round Women Individual,Round 2,"Assam

Namrata Brahma",,0,"Gujarat

Rathva Amitaben",,6,"Gujarat

Rathva Amitaben",
38th National Games Uttarakhand,Indian Round Women Individual,Round 2,"Haryana

Divya",,2,"Jharkhand

Manisha Kumari",,6,"Jharkhand

Manisha Kumari",
38th National Games Uttarakhand,Indian Round Women Individual,Round 2,"Manipur

Moirangthem Devi",,6,"Chhattisgarh

Sulochana Raj",,2,"Manipur

Moirangthem Devi",
38th National Games Uttarakhand,Indian Round Women Individual,Round 2,"Assam

Tutumoni Boro",,7,"Haryana

Monika",,3,"Assam

Tutumoni Boro",
38th National Games Uttarakhand,Indian Round Women Individual,Round 2,"Assam

Pallabi Boro",,7,"Uttarakhand

Binita Boro",,1,"Assam

Pallabi Boro",
38th National Games Uttarakhand,Indian Round Women Individual,Round 2,"Maharashtra

Bhavana Satyagiri",,0,"Manipur

Laiphrakpam Devi",,6,"Manipur

Laiphrakpam Devi",
38th National Games Uttarakhand,Indian Round Women Individual,Quarter Final,"Haryana

Nikita",,0,"Chhattisgarh

Chandni Sahu",,6,"Chhattisgarh

Chandni Sahu",
38th National Games Uttarakhand,Indian Round Women Individual,Quarter Final,"Gujarat

Rathva Amitaben",,0,"Jharkhand

Manisha Kumari",,6,"Jharkhand

Manisha Kumari",
38th National Games Uttarakhand,Indian Round Women Individual,Quarter Final,"Manipur

Moirangthem Devi",,1,"Assam

Tutumoni Boro",,7,"Assam

Tutumoni Boro",
38th National Games Uttarakhand,Indian Round Women Individual,Quarter Final,"Assam

Pallabi Boro",,0,"Manipur

Laiphrakpam Devi",,6,"Manipur

Laiphrakpam Devi",
38th National Games Uttarakhand,Indian Round Women Individual,Semi Final,"Chhattisgarh

Chandni Sahu",,6,"Jharkhand

Manisha Kumari",,2,"Chhattisgarh

Chandni Sahu",
38th National Games Uttarakhand,Indian Round Women Individual,Semi Final,"Assam

Tutumoni Boro",,4,"Manipur

Laiphrakpam Devi",,6,"Manipur

Laiphrakpam Devi",
38th National Games Uttarakhand,Indian Round Women Individual,Final,"Chhattisgarh

Chandni Sahu",,2,"Manipur

Laiphrakpam Devi",,6,"Manipur

Laiphrakpam Devi",
38th National Games Uttarakhand,Indian Round Women Individual,Winner,"Manipur

Laiphrakpam Devi",,,,,,,
38th National Games Uttarakhand,Indian Round Women Individual,Round 1,"Jharkhand

Manisha Kumari",,0,"Assam

Tutumoni Boro",,0,,
38th National Games Uttarakhand,Recurve Women Team,Quarter Final,Jharkhand,Jharkhand,6,Uttarakhand,Uttarakhand,0,Jharkhand,
38th National Games Uttarakhand,Recurve Women Team,Quarter Final,Gujarat,Gujarat,1,Haryana,Haryana,5,Haryana,
38th National Games Uttarakhand,Recurve Women Team,Quarter Final,West Bengal,West Bengal,6,Assam,Assam,2,West Bengal,
38th National Games Uttarakhand,Recurve Women Team,Quarter Final,Madhya Pradesh,Madhya Pradesh,2,Maharashtra,Maharashtra,6,Maharashtra,
38th National Games Uttarakhand,Recurve Women Team,Semi Final,Jharkhand,Jharkhand,6,Haryana,Haryana,2,Jharkhand,
38th National Games Uttarakhand,Recurve Women Team,Semi Final,West Bengal,West Bengal,0,Maharashtra,Maharashtra,6,Maharashtra,
38th National Games Uttarakhand,Recurve Women Team,Final,Jharkhand,Jharkhand,0,Maharashtra,Maharashtra,6,Maharashtra,
38th National Games Uttarakhand,Recurve Women Team,Winner,,,,,,,,
38th National Games Uttarakhand,Recurve Women Team,Quarter Final,Haryana,Haryana,5,West Bengal,West Bengal,4,Haryana,
38th National Games Uttarakhand,Compound Women Team,Quarter Final,JYOTHI SUREKHA VENNAM / ADITI SWAMI / BHAJAN KAUR,Maharashtra,233,Uttarakhand,Uttarakhand,214,JYOTHI SUREKHA VENNAM / ADITI SWAMI / BHAJAN KAUR,
38th National Games Uttarakhand,Compound Women Team,Quarter Final,SONALI NATH / POONAM CHAUDHARY / PRIYA GURJAR,Rajasthan,216,Telangana,Telangana,224,Telangana,
38th National Games Uttarakhand,Compound Women Team,Quarter Final,Delhi,Delhi,233,TRISHA DEY / NIKITA / PRAJAKTA,Uttar Pradesh,227,Delhi,
38th National Games Uttarakhand,Compound Women Team,Quarter Final,Haryana,Haryana,223,MUSKAN KIRAR / HARPREET KAUR / SIMRANPREET KAUR BRAR,Punjab,231,MUSKAN KIRAR / HARPREET KAUR / SIMRANPREET KAUR BRAR,
38th National Games Uttarakhand,Compound Women Team,Semi Final,JYOTHI SUREKHA VENNAM / ADITI SWAMI / BHAJAN KAUR,Maharashtra,229,Telangana,Telangana,228,JYOTHI SUREKHA VENNAM / ADITI SWAMI / BHAJAN KAUR,
38th National Games Uttarakhand,Compound Women Team,Semi Final,Delhi,Delhi,229,MUSKAN KIRAR / HARPREET KAUR / SIMRANPREET KAUR BRAR,Punjab,231,MUSKAN KIRAR / HARPREET KAUR / SIMRANPREET KAUR BRAR,
38th National Games Uttarakhand,Compound Women Team,Final,MUSKAN KIRAR / HARPREET KAUR / SIMRANPREET KAUR BRAR,Punjab,228,JYOTHI SUREKHA VENNAM / ADITI SWAMI / BHAJAN KAUR,Maharashtra,227,MUSKAN KIRAR / HARPREET KAUR / SIMRANPREET KAUR BRAR,
38th National Games Uttarakhand,Compound Women Team,Winner,,,,,,,,
38th National Games Uttarakhand,Compound Women Team,Quarter Final,Telangana,Telangana,232,Delhi,Delhi,229,Telangana,
38th National Games Uttarakhand,Indian Round Women Team,Quarter Final,Manipur,Manipur,6,Punjab,Punjab,0,Manipur,
38th National Games Uttarakhand,Indian Round Women Team,Quarter Final,Chhattisgarh,Chhattisgarh,5,Assam,Assam,4,Chhattisgarh,
38th National Games Uttarakhand,Indian Round Women Team,Quarter Final,Jharkhand,Jharkhand,2,Uttarakhand,Uttarakhand,6,Uttarakhand,
38th National Games Uttarakhand,Indian Round Women Team,Quarter Final,Kerala,Kerala,0,Haryana,Haryana,6,Haryana,
38th National Games Uttarakhand,Indian Round Women Team,Semi Final,Manipur,Manipur,5,Chhattisgarh,Chhattisgarh,1,Manipur,
38th National Games Uttarakhand,Indian Round Women Team,Semi Final,Uttarakhand,Uttarakhand,1,Haryana,Haryana,5,Haryana,
38th National Games Uttarakhand,Indian Round Women Team,Final,Manipur,Manipur,,Haryana,Haryana,,,
38th National Games Uttarakhand,Indian Round Women Team,Winner,,,,,,,,
38th National Games Uttarakhand,Indian Round Women Team,Quarter Final,Chhattisgarh,Chhattisgarh,0,Uttarakhand,Uttarakhand,0,,
38th National Games Uttarakhand,Recurve Mixed Team,Quarter Final,Jharkhand,Jharkhand,5,Uttar Pradesh,Uttar Pradesh,3,Jharkhand,
38th National Games Uttarakhand,Recurve Mixed Team,Quarter Final,Maharashtra,Maharashtra,5,Madhya Pradesh,Madhya Pradesh,4,Maharashtra,
38th National Games Uttarakhand,Recurve Mixed Team,Quarter Final,Haryana,Haryana,6,Assam,Assam,2,Haryana,
38th National Games Uttarakhand,Recurve Mixed Team,Quarter Final,Rajasthan,Rajasthan,1,West Bengal,West Bengal,5,West Bengal,
38th National Games Uttarakhand,Recurve Mixed Team,Semi Final,Jharkhand,Jharkhand,3,Maharashtra,Maharashtra,5,Maharashtra,
38th National Games Uttarakhand,Recurve Mixed Team,Semi Final,Haryana,Haryana,5,West Bengal,West Bengal,4(,,
38th National Games Uttarakhand,Recurve Mixed Team,Final,Maharashtra,Maharashtra,4(19),Haryana,Haryana,4(18),,
38th National Games Uttarakhand,Recurve Mixed Team,Winner,,,,,,,,
38th National Games Uttarakhand,Recurve Mixed Team,Quarter Final,Jharkhand,Jharkhand,5,West Bengal,West Bengal,1,Jharkhand,
38th National Games Uttarakhand,Compound Mixed Team,Quarter Final,Delhi,Delhi,154,Haryana,Haryana,156,Haryana,
38th National Games Uttarakhand,Compound Mixed Team,Quarter Final,Madhya Pradesh,Madhya Pradesh,152,Punjab,Punjab,157,Punjab,
38th National Games Uttarakhand,Compound Mixed Team,Quarter Final,Andhra Pradesh,Andhra Pradesh,155,Rajasthan,Rajasthan,154,Andhra Pradesh,
38th National Games Uttarakhand,Compound Mixed Team,Quarter Final,Jammu and Kashmir,Jammu and Kashmir,153,Maharashtra,Maharashtra,151,Jammu and Kashmir,
38th National Games Uttarakhand,Compound Mixed Team,Semi Final,Haryana,Haryana,158,Punjab,Punjab,156,Haryana,
38th National Games Uttarakhand,Compound Mixed Team,Semi Final,Andhra Pradesh,Andhra Pradesh,153,Jammu and Kashmir,Jammu and Kashmir,148,Andhra Pradesh,
38th National Games Uttarakhand,Compound Mixed Team,Final,Haryana,Haryana,154,Andhra Pradesh,Andhra Pradesh,148,Haryana,
38th National Games Uttarakhand,Compound Mixed Team,Winner,,,,,,,,
38th National Games Uttarakhand,Compound Mixed Team,Quarter Final,Punjab,Punjab,158,Jammu and Kashmir,Jammu and Kashmir,156,Punjab,
38th National Games Uttarakhand,Indian Round Mixed Team,Quarter Final,Haryana,Haryana,6,Delhi,Delhi,2,Haryana,
38th National Games Uttarakhand,Indian Round Mixed Team,Quarter Final,Jharkhand,Jharkhand,5,Uttar Pradesh,Uttar Pradesh,3,Jharkhand,
38th National Games Uttarakhand,Indian Round Mixed Team,Quarter Final,Uttarakhand,Uttarakhand,1,Maharashtra,Maharashtra,5,Maharashtra,
38th National Games Uttarakhand,Indian Round Mixed Team,Quarter Final,Assam,Assam,6,Manipur,Manipur,2,Assam,
38th National Games Uttarakhand,Indian Round Mixed Team,Semi Final,Haryana,Haryana,4,Jharkhand,Jharkhand,4,,
38th National Games Uttarakhand,Indian Round Mixed Team,Semi Final,Maharashtra,Maharashtra,5,Assam,Assam,1,Maharashtra,
38th National Games Uttarakhand,Indian Round Mixed Team,Final,Jharkhand,Jharkhand,2,Maharashtra,Maharashtra,6,Maharashtra,
38th National Games Uttarakhand,Indian Round Mixed Team,Winner,,,,,,,,
38th National Games Uttarakhand,Indian Round Mixed Team,Quarter Final,Haryana,Haryana,1,Assam,Assam,7,Assam,
