championship_name,event_name,round_name,player_a,player_a_dob,player_a_state,score_a,player_b,player_b_dob,player_b_state,score_b,winner,winner_dob,winner_state
"30TH NTPC SENIOR INDIAN ROUND, 43RD NTPC SENIOR RECURVE AND 19TH NTPC SENIOR COMPOUND NATIONAL (M&W) ARCHERY CHAMPIONSHIP",COMPOUND MEN,QUARTER-FINAL,PRATHAMESH BHALCHANDRA FUGE,2002-12-28,MAHARASHTRA,146,ABHISHEK VERMA,1989-06-26,DELHI,148,ABHISHEK VERMA,1989-06-26,MAHARASHTRA
"30TH NTPC SENIOR INDIAN ROUND, 43RD NTPC SENIOR RECURVE AND 19TH NTPC SENIOR COMPOUND NATIONAL (M&W) ARCHERY CHAMPIONSHIP",COMPOUND MEN,QUARTER-FINAL,RITIK CHAHAL,2003-10-12,DELHI,145,PRATHAMESH SAMADHAN JAWKAR,2003-09-08,MAHARASHTRA,148,PRATHAMESH SAMADHAN JAWKAR,2003-09-08,DELHI
"30TH NTPC SENIOR INDIAN ROUND, 43RD NTPC SENIOR RECURVE AND 19TH NTPC SENIOR COMPOUND NATIONAL (M&W) ARCHERY CHAMPIONSHIP",COMPOUND MEN,QUARTER-FINAL,PRIYANSH,2003-03-22,DELHI,146,ANKIT YADAV,2004-07-11,RAJASTHAN,145,PRIYANSH,2003-03-22,DELHI
"30TH NTPC SENIOR INDIAN ROUND, 43RD NTPC SENIOR RECURVE AND 19TH NTPC SENIOR COMPOUND NATIONAL (M&W) ARCHERY CHAMPIONSHIP",COMPOUND MEN,QUARTER-FINAL,RAJAT CHAUHAN,1994-12-30,AIPSCB,149,OJAS PRAVIN DEOTALE,2002-06-18,MAHARASHTRA,145,RAJAT CHAUHAN,1994-12-30,AIPSCB
"30TH NTPC SENIOR INDIAN ROUND, 43RD NTPC SENIOR RECURVE AND 19TH NTPC SENIOR COMPOUND NATIONAL (M&W) ARCHERY CHAMPIONSHIP",COMPOUND MEN,SEMI-FINAL,ABHISHEK VERMA,1989-06-26,DELHI,148,PRATHAMESH SAMADHAN JAWKAR,2003-09-08,MAHARASHTRA,145,ABHISHEK VERMA,1989-06-26,DELHI
"30TH NTPC SENIOR INDIAN ROUND, 43RD NTPC SENIOR RECURVE AND 19TH NTPC SENIOR COMPOUND NATIONAL (M&W) ARCHERY CHAMPIONSHIP",COMPOUND MEN,SEMI-FINAL,PRIYANSH,2003-03-22,DELHI,146,RAJAT CHAUHAN,1994-12-30,AIPSCB,148,RAJAT CHAUHAN,1994-12-30,DELHI
"30TH NTPC SENIOR INDIAN ROUND, 43RD NTPC SENIOR RECURVE AND 19TH NTPC SENIOR COMPOUND NATIONAL (M&W) ARCHERY CHAMPIONSHIP",COMPOUND MEN,FINAL,ABHISHEK VERMA,1989-06-26,DELHI,148,RAJAT CHAUHAN,1994-12-30,AIPSCB,149,RAJAT CHAUHAN,1994-12-30,DELHI
"30TH NTPC SENIOR INDIAN ROUND, 43RD NTPC SENIOR RECURVE AND 19TH NTPC SENIOR COMPOUND NATIONAL (M&W) ARCHERY CHAMPIONSHIP",COMPOUND MEN TEAM,1/8 FINAL,OJAS PRAVIN DEOTALE,2002-06-18,MAHARASHTRA,234,HARSH KUMAR,2007-01-04,CHANDIGARH,227,OJAS PRAVIN DEOTALE,2002-06-18,MAHARASHTRA
"30TH NTPC SENIOR INDIAN ROUND, 43RD NTPC SENIOR RECURVE AND 19TH NTPC SENIOR COMPOUND NATIONAL (M&W) ARCHERY CHAMPIONSHIP",COMPOUND MEN TEAM,1/8 FINAL,OJAS PRAVIN DEOTALE,2002-06-18,MAHARASHTRA,234,NAVEEN,1998-11-19,CHANDIGARH,227,OJAS PRAVIN DEOTALE,2002-06-18,MAHARASHTRA
"30TH NTPC SENIOR INDIAN ROUND, 43RD NTPC SENIOR RECURVE AND 19TH NTPC SENIOR COMPOUND NATIONAL (M&W) ARCHERY CHAMPIONSHIP",COMPOUND MEN TEAM,1/8 FINAL,OJAS PRAVIN DEOTALE,2002-06-18,MAHARASHTRA,234,AKASHDEEP,2004-01-07,CHANDIGARH,227,OJAS PRAVIN DEOTALE,2002-06-18,MAHARASHTRA
"30TH NTPC SENIOR INDIAN ROUND, 43RD NTPC SENIOR RECURVE AND 19TH NTPC SENIOR COMPOUND NATIONAL (M&W) ARCHERY CHAMPIONSHIP",COMPOUND MEN TEAM,1/8 FINAL,PRATHAMESH BHALCHANDRA FUGE,2002-12-28,MAHARASHTRA,234,HARSH KUMAR,2007-01-04,CHANDIGARH,227,PRATHAMESH BHALCHANDRA FUGE,2002-12-28,MAHARASHTRA
"30TH NTPC SENIOR INDIAN ROUND, 43RD NTPC SENIOR RECURVE AND 19TH NTPC SENIOR COMPOUND NATIONAL (M&W) ARCHERY CHAMPIONSHIP",COMPOUND MEN TEAM,1/8 FINAL,PRATHAMESH BHALCHANDRA FUGE,2002-12-28,MAHARASHTRA,234,NAVEEN,1998-11-19,CHANDIGARH,227,PRATHAMESH BHALCHANDRA FUGE,2002-12-28,MAHARASHTRA
"30TH NTPC SENIOR INDIAN ROUND, 43RD NTPC SENIOR RECURVE AND 19TH NTPC SENIOR COMPOUND NATIONAL (M&W) ARCHERY CHAMPIONSHIP",COMPOUND MEN TEAM,1/8 FINAL,PRATHAMESH BHALCHANDRA FUGE,2002-12-28,MAHARASHTRA,234,AKASHDEEP,2004-01-07,CHANDIGARH,227,PRATHAMESH BHALCHANDRA FUGE,2002-12-28,MAHARASHTRA
"30TH NTPC SENIOR INDIAN ROUND, 43RD NTPC SENIOR RECURVE AND 19TH NTPC SENIOR COMPOUND NATIONAL (M&W) ARCHERY CHAMPIONSHIP",COMPOUND MEN TEAM,1/8 FINAL,HRITIK SHARMA,2002-05-19,JAMMU & KASHMIR,234,SHUBHAM DAS,1999-07-30,RSPB,232,HRITIK SHARMA,2002-05-19,JAMMU & KASHMIR
"30TH NTPC SENIOR INDIAN ROUND, 43RD NTPC SENIOR RECURVE AND 19TH NTPC SENIOR COMPOUND NATIONAL (M&W) ARCHERY CHAMPIONSHIP",COMPOUND MEN TEAM,1/8 FINAL,HRITIK SHARMA,2002-05-19,JAMMU & KASHMIR,234,Y CHARAN REDDY,1994-11-15,RSPB,232,HRITIK SHARMA,2002-05-19,JAMMU & KASHMIR
"30TH NTPC SENIOR INDIAN ROUND, 43RD NTPC SENIOR RECURVE AND 19TH NTPC SENIOR COMPOUND NATIONAL (M&W) ARCHERY CHAMPIONSHIP",COMPOUND MEN TEAM,1/8 FINAL,HRITIK SHARMA,2002-05-19,JAMMU & KASHMIR,234,SAGAR CHOPRA,1997-03-10,RSPB,232,HRITIK SHARMA,2002-05-19,JAMMU & KASHMIR
"30TH NTPC SENIOR INDIAN ROUND, 43RD NTPC SENIOR RECURVE AND 19TH NTPC SENIOR COMPOUND NATIONAL (M&W) ARCHERY CHAMPIONSHIP",COMPOUND MEN TEAM,1/8 FINAL,AMIT THAKUR,2000-11-28,JAMMU & KASHMIR,234,SHUBHAM DAS,1999-07-30,RSPB,232,AMIT THAKUR,2000-11-28,JAMMU & KASHMIR
"30TH NTPC SENIOR INDIAN ROUND, 43RD NTPC SENIOR RECURVE AND 19TH NTPC SENIOR COMPOUND NATIONAL (M&W) ARCHERY CHAMPIONSHIP",COMPOUND MEN TEAM,1/8 FINAL,AMIT THAKUR,2000-11-28,JAMMU & KASHMIR,234,Y CHARAN REDDY,1994-11-15,RSPB,232,AMIT THAKUR,2000-11-28,JAMMU & KASHMIR
"30TH NTPC SENIOR INDIAN ROUND, 43RD NTPC SENIOR RECURVE AND 19TH NTPC SENIOR COMPOUND NATIONAL (M&W) ARCHERY CHAMPIONSHIP",COMPOUND MEN TEAM,1/8 FINAL,AMIT THAKUR,2000-11-28,JAMMU & KASHMIR,234,SAGAR CHOPRA,1997-03-10,RSPB,232,AMIT THAKUR,2000-11-28,JAMMU & KASHMIR
"30TH NTPC SENIOR INDIAN ROUND, 43RD NTPC SENIOR RECURVE AND 19TH NTPC SENIOR COMPOUND NATIONAL (M&W) ARCHERY CHAMPIONSHIP",COMPOUND MEN TEAM,1/8 FINAL,RAKESH KUMAR,1985-01-13,JAMMU & KASHMIR,234,SHUBHAM DAS,1999-07-30,RSPB,232,RAKESH KUMAR,1985-01-13,JAMMU & KASHMIR
"30TH NTPC SENIOR INDIAN ROUND, 43RD NTPC SENIOR RECURVE AND 19TH NTPC SENIOR COMPOUND NATIONAL (M&W) ARCHERY CHAMPIONSHIP",COMPOUND MEN TEAM,1/8 FINAL,RAKESH KUMAR,1985-01-13,JAMMU & KASHMIR,234,Y CHARAN REDDY,1994-11-15,RSPB,232,RAKESH KUMAR,1985-01-13,JAMMU & KASHMIR
"30TH NTPC SENIOR INDIAN ROUND, 43RD NTPC SENIOR RECURVE AND 19TH NTPC SENIOR COMPOUND NATIONAL (M&W) ARCHERY CHAMPIONSHIP",COMPOUND MEN TEAM,1/8 FINAL,RAKESH KUMAR,1985-01-13,JAMMU & KASHMIR,234,SAGAR CHOPRA,1997-03-10,RSPB,232,RAKESH KUMAR,1985-01-13,JAMMU & KASHMIR
"30TH NTPC SENIOR INDIAN ROUND, 43RD NTPC SENIOR RECURVE AND 19TH NTPC SENIOR COMPOUND NATIONAL (M&W) ARCHERY CHAMPIONSHIP",COMPOUND MEN TEAM,1/8 FINAL,RISHABH YADAV,2002-08-13,HARYANA,235,SANGAMPREET SINGH BISLA,1999-02-17,PUNJAB,227,RISHABH YADAV,2002-08-13,HARYANA
"30TH NTPC SENIOR INDIAN ROUND, 43RD NTPC SENIOR RECURVE AND 19TH NTPC SENIOR COMPOUND NATIONAL (M&W) ARCHERY CHAMPIONSHIP",COMPOUND MEN TEAM,1/8 FINAL,RISHABH YADAV,2002-08-13,HARYANA,235,UDAY KAMBOJ,2003-12-01,PUNJAB,227,RISHABH YADAV,2002-08-13,HARYANA
"30TH NTPC SENIOR INDIAN ROUND, 43RD NTPC SENIOR RECURVE AND 19TH NTPC SENIOR COMPOUND NATIONAL (M&W) ARCHERY CHAMPIONSHIP",COMPOUND MEN TEAM,1/8 FINAL,KUSHAL DALAL,2005-01-23,HARYANA,235,SANGAMPREET SINGH BISLA,1999-02-17,PUNJAB,227,KUSHAL DALAL,2005-01-23,HARYANA
"30TH NTPC SENIOR INDIAN ROUND, 43RD NTPC SENIOR RECURVE AND 19TH NTPC SENIOR COMPOUND NATIONAL (M&W) ARCHERY CHAMPIONSHIP",COMPOUND MEN TEAM,1/8 FINAL,KUSHAL DALAL,2005-01-23,HARYANA,235,UDAY KAMBOJ,2003-12-01,PUNJAB,227,KUSHAL DALAL,2005-01-23,HARYANA
"30TH NTPC SENIOR INDIAN ROUND, 43RD NTPC SENIOR RECURVE AND 19TH NTPC SENIOR COMPOUND NATIONAL (M&W) ARCHERY CHAMPIONSHIP",COMPOUND MEN TEAM,1/8 FINAL,MOHIT DAGAR,2008-01-26,HARYANA,235,SANGAMPREET SINGH BISLA,1999-02-17,PUNJAB,227,MOHIT DAGAR,2008-01-26,HARYANA
"30TH NTPC SENIOR INDIAN ROUND, 43RD NTPC SENIOR RECURVE AND 19TH NTPC SENIOR COMPOUND NATIONAL (M&W) ARCHERY CHAMPIONSHIP",COMPOUND MEN TEAM,1/8 FINAL,MOHIT DAGAR,2008-01-26,HARYANA,235,UDAY KAMBOJ,2003-12-01,PUNJAB,227,MOHIT DAGAR,2008-01-26,HARYANA
"30TH NTPC SENIOR INDIAN ROUND, 43RD NTPC SENIOR RECURVE AND 19TH NTPC SENIOR COMPOUND NATIONAL (M&W) ARCHERY CHAMPIONSHIP",COMPOUND MEN TEAM,1/8 FINAL,LAISHRAM YOHENBA SINGH,2004-10-02,MANIPUR,236,SACHIN CHECHI,2007-09-25,RAJASTHAN,232,LAISHRAM YOHENBA SINGH,2004-10-02,MANIPUR
"30TH NTPC SENIOR INDIAN ROUND, 43RD NTPC SENIOR RECURVE AND 19TH NTPC SENIOR COMPOUND NATIONAL (M&W) ARCHERY CHAMPIONSHIP",COMPOUND MEN TEAM,1/8 FINAL,LAISHRAM YOHENBA SINGH,2004-10-02,MANIPUR,236,PULKIT KAJLA,2003-02-02,RAJASTHAN,232,LAISHRAM YOHENBA SINGH,2004-10-02,MANIPUR
"30TH NTPC SENIOR INDIAN ROUND, 43RD NTPC SENIOR RECURVE AND 19TH NTPC SENIOR COMPOUND NATIONAL (M&W) ARCHERY CHAMPIONSHIP",COMPOUND MEN TEAM,1/8 FINAL,MUTUM BIKRAM SINGH,1996-09-01,MANIPUR,236,SACHIN CHECHI,2007-09-25,RAJASTHAN,232,MUTUM BIKRAM SINGH,1996-09-01,MANIPUR
"30TH NTPC SENIOR INDIAN ROUND, 43RD NTPC SENIOR RECURVE AND 19TH NTPC SENIOR COMPOUND NATIONAL (M&W) ARCHERY CHAMPIONSHIP",COMPOUND MEN TEAM,1/8 FINAL,MUTUM BIKRAM SINGH,1996-09-01,MANIPUR,236,PULKIT KAJLA,2003-02-02,RAJASTHAN,232,MUTUM BIKRAM SINGH,1996-09-01,MANIPUR
"30TH NTPC SENIOR INDIAN ROUND, 43RD NTPC SENIOR RECURVE AND 19TH NTPC SENIOR COMPOUND NATIONAL (M&W) ARCHERY CHAMPIONSHIP",COMPOUND MEN TEAM,1/8 FINAL,KUNDERU VENKATADRI,2003-09-28,ANDHRA PRADESH,232,PRAVEEN KUMAR,1991-04-05,UTTAR PRADESH,229,KUNDERU VENKATADRI,2003-09-28,ANDHRA PRADESH
"30TH NTPC SENIOR INDIAN ROUND, 43RD NTPC SENIOR RECURVE AND 19TH NTPC SENIOR COMPOUND NATIONAL (M&W) ARCHERY CHAMPIONSHIP",COMPOUND MEN TEAM,1/8 FINAL,KUNDERU VENKATADRI,2003-09-28,ANDHRA PRADESH,232,MOHD SHAVEJ,2004-10-15,UTTAR PRADESH,229,KUNDERU VENKATADRI,2003-09-28,ANDHRA PRADESH
"30TH NTPC SENIOR INDIAN ROUND, 43RD NTPC SENIOR RECURVE AND 19TH NTPC SENIOR COMPOUND NATIONAL (M&W) ARCHERY CHAMPIONSHIP",COMPOUND MEN TEAM,1/8 FINAL,CHITTIBOMMA JIGNAS,1994-01-12,ANDHRA PRADESH,232,PRAVEEN KUMAR,1991-04-05,UTTAR PRADESH,229,CHITTIBOMMA JIGNAS,1994-01-12,ANDHRA PRADESH
"30TH NTPC SENIOR INDIAN ROUND, 43RD NTPC SENIOR RECURVE AND 19TH NTPC SENIOR COMPOUND NATIONAL (M&W) ARCHERY CHAMPIONSHIP",COMPOUND MEN TEAM,1/8 FINAL,CHITTIBOMMA JIGNAS,1994-01-12,ANDHRA PRADESH,232,MOHD SHAVEJ,2004-10-15,UTTAR PRADESH,229,CHITTIBOMMA JIGNAS,1994-01-12,ANDHRA PRADESH
"30TH NTPC SENIOR INDIAN ROUND, 43RD NTPC SENIOR RECURVE AND 19TH NTPC SENIOR COMPOUND NATIONAL (M&W) ARCHERY CHAMPIONSHIP",COMPOUND MEN TEAM,1/8 FINAL,SAURABH PANDEY,2000-11-13,GOA,229,RAJAT CHAUHAN,1994-12-30,AIPSCB,230,RAJAT CHAUHAN,1994-12-30,GOA
"30TH NTPC SENIOR INDIAN ROUND, 43RD NTPC SENIOR RECURVE AND 19TH NTPC SENIOR COMPOUND NATIONAL (M&W) ARCHERY CHAMPIONSHIP",COMPOUND MEN TEAM,1/8 FINAL,SAURABH PANDEY,2000-11-13,GOA,229,BHAGWAN DAS,1993-05-10,AIPSCB,230,BHAGWAN DAS,1993-05-10,GOA
"30TH NTPC SENIOR INDIAN ROUND, 43RD NTPC SENIOR RECURVE AND 19TH NTPC SENIOR COMPOUND NATIONAL (M&W) ARCHERY CHAMPIONSHIP",COMPOUND MEN TEAM,1/8 FINAL,SAHIL BAWEJA,1996-01-03,GOA,229,RAJAT CHAUHAN,1994-12-30,AIPSCB,230,RAJAT CHAUHAN,1994-12-30,GOA
"30TH NTPC SENIOR INDIAN ROUND, 43RD NTPC SENIOR RECURVE AND 19TH NTPC SENIOR COMPOUND NATIONAL (M&W) ARCHERY CHAMPIONSHIP",COMPOUND MEN TEAM,1/8 FINAL,SAHIL BAWEJA,1996-01-03,GOA,229,BHAGWAN DAS,1993-05-10,AIPSCB,230,BHAGWAN DAS,1993-05-10,GOA
"30TH NTPC SENIOR INDIAN ROUND, 43RD NTPC SENIOR RECURVE AND 19TH NTPC SENIOR COMPOUND NATIONAL (M&W) ARCHERY CHAMPIONSHIP",COMPOUND MEN TEAM,1/8 FINAL,CHIRAG VIDYARTHI,2003-07-15,MADHYA PRADESH,231,TAKHELLAMBAM ABUNGCHA SINGH,1992-03-02,SSCB,227,CHIRAG VIDYARTHI,2003-07-15,MADHYA PRADESH
"30TH NTPC SENIOR INDIAN ROUND, 43RD NTPC SENIOR RECURVE AND 19TH NTPC SENIOR COMPOUND NATIONAL (M&W) ARCHERY CHAMPIONSHIP",COMPOUND MEN TEAM,1/8 FINAL,CHIRAG VIDYARTHI,2003-07-15,MADHYA PRADESH,231,SHEKHER VAIDWAN,1998-07-15,SSCB,227,CHIRAG VIDYARTHI,2003-07-15,MADHYA PRADESH
"30TH NTPC SENIOR INDIAN ROUND, 43RD NTPC SENIOR RECURVE AND 19TH NTPC SENIOR COMPOUND NATIONAL (M&W) ARCHERY CHAMPIONSHIP",COMPOUND MEN TEAM,1/8 FINAL,PRITISH CHOWDHURY,2021-01-09,MADHYA PRADESH,231,TAKHELLAMBAM ABUNGCHA SINGH,1992-03-02,SSCB,227,PRITISH CHOWDHURY,2021-01-09,MADHYA PRADESH
"30TH NTPC SENIOR INDIAN ROUND, 43RD NTPC SENIOR RECURVE AND 19TH NTPC SENIOR COMPOUND NATIONAL (M&W) ARCHERY CHAMPIONSHIP",COMPOUND MEN TEAM,1/8 FINAL,PRITISH CHOWDHURY,2021-01-09,MADHYA PRADESH,231,SHEKHER VAIDWAN,1998-07-15,SSCB,227,PRITISH CHOWDHURY,2021-01-09,MADHYA PRADESH
"30TH NTPC SENIOR INDIAN ROUND, 43RD NTPC SENIOR RECURVE AND 19TH NTPC SENIOR COMPOUND NATIONAL (M&W) ARCHERY CHAMPIONSHIP",COMPOUND MEN TEAM,1/8 FINAL,PRINCE RAJPUT,1996-04-29,ESIC CSCB,233,PRIYANSH,2003-03-22,DELHI,236,PRIYANSH,2003-03-22,ESIC CSCB
"30TH NTPC SENIOR INDIAN ROUND, 43RD NTPC SENIOR RECURVE AND 19TH NTPC SENIOR COMPOUND NATIONAL (M&W) ARCHERY CHAMPIONSHIP",COMPOUND MEN TEAM,1/8 FINAL,PRINCE RAJPUT,1996-04-29,ESIC CSCB,233,ABHISHEK VERMA,1989-06-26,DELHI,236,ABHISHEK VERMA,1989-06-26,ESIC CSCB
"30TH NTPC SENIOR INDIAN ROUND, 43RD NTPC SENIOR RECURVE AND 19TH NTPC SENIOR COMPOUND NATIONAL (M&W) ARCHERY CHAMPIONSHIP",COMPOUND MEN TEAM,1/8 FINAL,PRINCE RAJPUT,1996-04-29,ESIC CSCB,233,RITIK CHAHAL,2003-10-12,DELHI,236,RITIK CHAHAL,2003-10-12,ESIC CSCB
"30TH NTPC SENIOR INDIAN ROUND, 43RD NTPC SENIOR RECURVE AND 19TH NTPC SENIOR COMPOUND NATIONAL (M&W) ARCHERY CHAMPIONSHIP",COMPOUND MEN TEAM,1/8 FINAL,AJAY SINGH SHEKHAWAT,1996-05-02,ESIC CSCB,233,PRIYANSH,2003-03-22,DELHI,236,PRIYANSH,2003-03-22,ESIC CSCB
"30TH NTPC SENIOR INDIAN ROUND, 43RD NTPC SENIOR RECURVE AND 19TH NTPC SENIOR COMPOUND NATIONAL (M&W) ARCHERY CHAMPIONSHIP",COMPOUND MEN TEAM,1/8 FINAL,AJAY SINGH SHEKHAWAT,1996-05-02,ESIC CSCB,233,ABHISHEK VERMA,1989-06-26,DELHI,236,ABHISHEK VERMA,1989-06-26,ESIC CSCB
"30TH NTPC SENIOR INDIAN ROUND, 43RD NTPC SENIOR RECURVE AND 19TH NTPC SENIOR COMPOUND NATIONAL (M&W) ARCHERY CHAMPIONSHIP",COMPOUND MEN TEAM,1/8 FINAL,AJAY SINGH SHEKHAWAT,1996-05-02,ESIC CSCB,233,RITIK CHAHAL,2003-10-12,DELHI,236,RITIK CHAHAL,2003-10-12,ESIC CSCB
"30TH NTPC SENIOR INDIAN ROUND, 43RD NTPC SENIOR RECURVE AND 19TH NTPC SENIOR COMPOUND NATIONAL (M&W) ARCHERY CHAMPIONSHIP",COMPOUND MEN TEAM,1/4 FINAL,OJAS PRAVIN DEOTALE,2002-06-18,MAHARASHTRA,238,HRITIK SHARMA,2002-05-19,JAMMU & KASHMIR,237,OJAS PRAVIN DEOTALE,2002-06-18,MAHARASHTRA
"30TH NTPC SENIOR INDIAN ROUND, 43RD NTPC SENIOR RECURVE AND 19TH NTPC SENIOR COMPOUND NATIONAL (M&W) ARCHERY CHAMPIONSHIP",COMPOUND MEN TEAM,1/4 FINAL,OJAS PRAVIN DEOTALE,2002-06-18,MAHARASHTRA,238,AMIT THAKUR,2000-11-28,JAMMU & KASHMIR,237,OJAS PRAVIN DEOTALE,2002-06-18,MAHARASHTRA
"30TH NTPC SENIOR INDIAN ROUND, 43RD NTPC SENIOR RECURVE AND 19TH NTPC SENIOR COMPOUND NATIONAL (M&W) ARCHERY CHAMPIONSHIP",COMPOUND MEN TEAM,1/4 FINAL,OJAS PRAVIN DEOTALE,2002-06-18,MAHARASHTRA,238,RAKESH KUMAR,1985-01-13,JAMMU & KASHMIR,237,OJAS PRAVIN DEOTALE,2002-06-18,MAHARASHTRA
"30TH NTPC SENIOR INDIAN ROUND, 43RD NTPC SENIOR RECURVE AND 19TH NTPC SENIOR COMPOUND NATIONAL (M&W) ARCHERY CHAMPIONSHIP",COMPOUND MEN TEAM,1/4 FINAL,PRATHAMESH BHALCHANDRA FUGE,2002-12-28,MAHARASHTRA,238,HRITIK SHARMA,2002-05-19,JAMMU & KASHMIR,237,PRATHAMESH BHALCHANDRA FUGE,2002-12-28,MAHARASHTRA
"30TH NTPC SENIOR INDIAN ROUND, 43RD NTPC SENIOR RECURVE AND 19TH NTPC SENIOR COMPOUND NATIONAL (M&W) ARCHERY CHAMPIONSHIP",COMPOUND MEN TEAM,1/4 FINAL,PRATHAMESH BHALCHANDRA FUGE,2002-12-28,MAHARASHTRA,238,AMIT THAKUR,2000-11-28,JAMMU & KASHMIR,237,PRATHAMESH BHALCHANDRA FUGE,2002-12-28,MAHARASHTRA
"30TH NTPC SENIOR INDIAN ROUND, 43RD NTPC SENIOR RECURVE AND 19TH NTPC SENIOR COMPOUND NATIONAL (M&W) ARCHERY CHAMPIONSHIP",COMPOUND MEN TEAM,1/4 FINAL,PRATHAMESH BHALCHANDRA FUGE,2002-12-28,MAHARASHTRA,238,RAKESH KUMAR,1985-01-13,JAMMU & KASHMIR,237,PRATHAMESH BHALCHANDRA FUGE,2002-12-28,MAHARASHTRA
"30TH NTPC SENIOR INDIAN ROUND, 43RD NTPC SENIOR RECURVE AND 19TH NTPC SENIOR COMPOUND NATIONAL (M&W) ARCHERY CHAMPIONSHIP",COMPOUND MEN TEAM,1/4 FINAL,RISHABH YADAV,2002-08-13,HARYANA,230,LAISHRAM YOHENBA SINGH,2004-10-02,MANIPUR,229,RISHABH YADAV,2002-08-13,HARYANA
"30TH NTPC SENIOR INDIAN ROUND, 43RD NTPC SENIOR RECURVE AND 19TH NTPC SENIOR COMPOUND NATIONAL (M&W) ARCHERY CHAMPIONSHIP",COMPOUND MEN TEAM,1/4 FINAL,RISHABH YADAV,2002-08-13,HARYANA,230,MUTUM BIKRAM SINGH,1996-09-01,MANIPUR,229,RISHABH YADAV,2002-08-13,HARYANA
"30TH NTPC SENIOR INDIAN ROUND, 43RD NTPC SENIOR RECURVE AND 19TH NTPC SENIOR COMPOUND NATIONAL (M&W) ARCHERY CHAMPIONSHIP",COMPOUND MEN TEAM,1/4 FINAL,KUSHAL DALAL,2005-01-23,HARYANA,230,LAISHRAM YOHENBA SINGH,2004-10-02,MANIPUR,229,KUSHAL DALAL,2005-01-23,HARYANA
"30TH NTPC SENIOR INDIAN ROUND, 43RD NTPC SENIOR RECURVE AND 19TH NTPC SENIOR COMPOUND NATIONAL (M&W) ARCHERY CHAMPIONSHIP",COMPOUND MEN TEAM,1/4 FINAL,KUSHAL DALAL,2005-01-23,HARYANA,230,MUTUM BIKRAM SINGH,1996-09-01,MANIPUR,229,KUSHAL DALAL,2005-01-23,HARYANA
"30TH NTPC SENIOR INDIAN ROUND, 43RD NTPC SENIOR RECURVE AND 19TH NTPC SENIOR COMPOUND NATIONAL (M&W) ARCHERY CHAMPIONSHIP",COMPOUND MEN TEAM,1/4 FINAL,MOHIT DAGAR,2008-01-26,HARYANA,230,LAISHRAM YOHENBA SINGH,2004-10-02,MANIPUR,229,MOHIT DAGAR,2008-01-26,HARYANA
"30TH NTPC SENIOR INDIAN ROUND, 43RD NTPC SENIOR RECURVE AND 19TH NTPC SENIOR COMPOUND NATIONAL (M&W) ARCHERY CHAMPIONSHIP",COMPOUND MEN TEAM,1/4 FINAL,MOHIT DAGAR,2008-01-26,HARYANA,230,MUTUM BIKRAM SINGH,1996-09-01,MANIPUR,229,MOHIT DAGAR,2008-01-26,HARYANA
"30TH NTPC SENIOR INDIAN ROUND, 43RD NTPC SENIOR RECURVE AND 19TH NTPC SENIOR COMPOUND NATIONAL (M&W) ARCHERY CHAMPIONSHIP",COMPOUND MEN TEAM,1/4 FINAL,KUNDERU VENKATADRI,2003-09-28,ANDHRA PRADESH,227,RAJAT CHAUHAN,1994-12-30,AIPSCB,232,RAJAT CHAUHAN,1994-12-30,ANDHRA PRADESH
"30TH NTPC SENIOR INDIAN ROUND, 43RD NTPC SENIOR RECURVE AND 19TH NTPC SENIOR COMPOUND NATIONAL (M&W) ARCHERY CHAMPIONSHIP",COMPOUND MEN TEAM,1/4 FINAL,KUNDERU VENKATADRI,2003-09-28,ANDHRA PRADESH,227,BHAGWAN DAS,1993-05-10,AIPSCB,232,BHAGWAN DAS,1993-05-10,ANDHRA PRADESH
"30TH NTPC SENIOR INDIAN ROUND, 43RD NTPC SENIOR RECURVE AND 19TH NTPC SENIOR COMPOUND NATIONAL (M&W) ARCHERY CHAMPIONSHIP",COMPOUND MEN TEAM,1/4 FINAL,CHITTIBOMMA JIGNAS,1994-01-12,ANDHRA PRADESH,227,RAJAT CHAUHAN,1994-12-30,AIPSCB,232,RAJAT CHAUHAN,1994-12-30,ANDHRA PRADESH
"30TH NTPC SENIOR INDIAN ROUND, 43RD NTPC SENIOR RECURVE AND 19TH NTPC SENIOR COMPOUND NATIONAL (M&W) ARCHERY CHAMPIONSHIP",COMPOUND MEN TEAM,1/4 FINAL,CHITTIBOMMA JIGNAS,1994-01-12,ANDHRA PRADESH,227,BHAGWAN DAS,1993-05-10,AIPSCB,232,BHAGWAN DAS,1993-05-10,ANDHRA PRADESH
"30TH NTPC SENIOR INDIAN ROUND, 43RD NTPC SENIOR RECURVE AND 19TH NTPC SENIOR COMPOUND NATIONAL (M&W) ARCHERY CHAMPIONSHIP",COMPOUND MEN TEAM,1/4 FINAL,CHIRAG VIDYARTHI,2003-07-15,MADHYA PRADESH,231,PRIYANSH,2003-03-22,DELHI,237,PRIYANSH,2003-03-22,MADHYA PRADESH
"30TH NTPC SENIOR INDIAN ROUND, 43RD NTPC SENIOR RECURVE AND 19TH NTPC SENIOR COMPOUND NATIONAL (M&W) ARCHERY CHAMPIONSHIP",COMPOUND MEN TEAM,1/4 FINAL,CHIRAG VIDYARTHI,2003-07-15,MADHYA PRADESH,231,ABHISHEK VERMA,1989-06-26,DELHI,237,ABHISHEK VERMA,1989-06-26,MADHYA PRADESH
"30TH NTPC SENIOR INDIAN ROUND, 43RD NTPC SENIOR RECURVE AND 19TH NTPC SENIOR COMPOUND NATIONAL (M&W) ARCHERY CHAMPIONSHIP",COMPOUND MEN TEAM,1/4 FINAL,CHIRAG VIDYARTHI,2003-07-15,MADHYA PRADESH,231,RITIK CHAHAL,2003-10-12,DELHI,237,RITIK CHAHAL,2003-10-12,MADHYA PRADESH
"30TH NTPC SENIOR INDIAN ROUND, 43RD NTPC SENIOR RECURVE AND 19TH NTPC SENIOR COMPOUND NATIONAL (M&W) ARCHERY CHAMPIONSHIP",COMPOUND MEN TEAM,1/4 FINAL,PRITISH CHOWDHURY,2021-01-09,MADHYA PRADESH,231,PRIYANSH,2003-03-22,DELHI,237,PRIYANSH,2003-03-22,MADHYA PRADESH
"30TH NTPC SENIOR INDIAN ROUND, 43RD NTPC SENIOR RECURVE AND 19TH NTPC SENIOR COMPOUND NATIONAL (M&W) ARCHERY CHAMPIONSHIP",COMPOUND MEN TEAM,1/4 FINAL,PRITISH CHOWDHURY,2021-01-09,MADHYA PRADESH,231,ABHISHEK VERMA,1989-06-26,DELHI,237,ABHISHEK VERMA,1989-06-26,MADHYA PRADESH
"30TH NTPC SENIOR INDIAN ROUND, 43RD NTPC SENIOR RECURVE AND 19TH NTPC SENIOR COMPOUND NATIONAL (M&W) ARCHERY CHAMPIONSHIP",COMPOUND MEN TEAM,1/4 FINAL,PRITISH CHOWDHURY,2021-01-09,MADHYA PRADESH,231,RITIK CHAHAL,2003-10-12,DELHI,237,RITIK CHAHAL,2003-10-12,MADHYA PRADESH
"30TH NTPC SENIOR INDIAN ROUND, 43RD NTPC SENIOR RECURVE AND 19TH NTPC SENIOR COMPOUND NATIONAL (M&W) ARCHERY CHAMPIONSHIP",COMPOUND MEN TEAM,SEMI-FINAL,OJAS PRAVIN DEOTALE,2002-06-18,MAHARASHTRA,238,RISHABH YADAV,2002-08-13,HARYANA,230,OJAS PRAVIN DEOTALE,2002-06-18,MAHARASHTRA
"30TH NTPC SENIOR INDIAN ROUND, 43RD NTPC SENIOR RECURVE AND 19TH NTPC SENIOR COMPOUND NATIONAL (M&W) ARCHERY CHAMPIONSHIP",COMPOUND MEN TEAM,SEMI-FINAL,OJAS PRAVIN DEOTALE,2002-06-18,MAHARASHTRA,238,KUSHAL DALAL,2005-01-23,HARYANA,230,OJAS PRAVIN DEOTALE,2002-06-18,MAHARASHTRA
"30TH NTPC SENIOR INDIAN ROUND, 43RD NTPC SENIOR RECURVE AND 19TH NTPC SENIOR COMPOUND NATIONAL (M&W) ARCHERY CHAMPIONSHIP",COMPOUND MEN TEAM,SEMI-FINAL,OJAS PRAVIN DEOTALE,2002-06-18,MAHARASHTRA,238,MOHIT DAGAR,2008-01-26,HARYANA,230,OJAS PRAVIN DEOTALE,2002-06-18,MAHARASHTRA
"30TH NTPC SENIOR INDIAN ROUND, 43RD NTPC SENIOR RECURVE AND 19TH NTPC SENIOR COMPOUND NATIONAL (M&W) ARCHERY CHAMPIONSHIP",COMPOUND MEN TEAM,SEMI-FINAL,PRATHAMESH BHALCHANDRA FUGE,2002-12-28,MAHARASHTRA,238,RISHABH YADAV,2002-08-13,HARYANA,230,PRATHAMESH BHALCHANDRA FUGE,2002-12-28,MAHARASHTRA
"30TH NTPC SENIOR INDIAN ROUND, 43RD NTPC SENIOR RECURVE AND 19TH NTPC SENIOR COMPOUND NATIONAL (M&W) ARCHERY CHAMPIONSHIP",COMPOUND MEN TEAM,SEMI-FINAL,PRATHAMESH BHALCHANDRA FUGE,2002-12-28,MAHARASHTRA,238,KUSHAL DALAL,2005-01-23,HARYANA,230,PRATHAMESH BHALCHANDRA FUGE,2002-12-28,MAHARASHTRA
"30TH NTPC SENIOR INDIAN ROUND, 43RD NTPC SENIOR RECURVE AND 19TH NTPC SENIOR COMPOUND NATIONAL (M&W) ARCHERY CHAMPIONSHIP",COMPOUND MEN TEAM,SEMI-FINAL,PRATHAMESH BHALCHANDRA FUGE,2002-12-28,MAHARASHTRA,238,MOHIT DAGAR,2008-01-26,HARYANA,230,PRATHAMESH BHALCHANDRA FUGE,2002-12-28,MAHARASHTRA
"30TH NTPC SENIOR INDIAN ROUND, 43RD NTPC SENIOR RECURVE AND 19TH NTPC SENIOR COMPOUND NATIONAL (M&W) ARCHERY CHAMPIONSHIP",COMPOUND MEN TEAM,SEMI-FINAL,RAJAT CHAUHAN,1994-12-30,AIPSCB,232,PRIYANSH,2003-03-22,DELHI,237,PRIYANSH,2003-03-22,AIPSCB
"30TH NTPC SENIOR INDIAN ROUND, 43RD NTPC SENIOR RECURVE AND 19TH NTPC SENIOR COMPOUND NATIONAL (M&W) ARCHERY CHAMPIONSHIP",COMPOUND MEN TEAM,SEMI-FINAL,RAJAT CHAUHAN,1994-12-30,AIPSCB,232,ABHISHEK VERMA,1989-06-26,DELHI,237,ABHISHEK VERMA,1989-06-26,AIPSCB
"30TH NTPC SENIOR INDIAN ROUND, 43RD NTPC SENIOR RECURVE AND 19TH NTPC SENIOR COMPOUND NATIONAL (M&W) ARCHERY CHAMPIONSHIP",COMPOUND MEN TEAM,SEMI-FINAL,RAJAT CHAUHAN,1994-12-30,AIPSCB,232,RITIK CHAHAL,2003-10-12,DELHI,237,RITIK CHAHAL,2003-10-12,AIPSCB
"30TH NTPC SENIOR INDIAN ROUND, 43RD NTPC SENIOR RECURVE AND 19TH NTPC SENIOR COMPOUND NATIONAL (M&W) ARCHERY CHAMPIONSHIP",COMPOUND MEN TEAM,SEMI-FINAL,BHAGWAN DAS,1993-05-10,AIPSCB,232,PRIYANSH,2003-03-22,DELHI,237,PRIYANSH,2003-03-22,AIPSCB
"30TH NTPC SENIOR INDIAN ROUND, 43RD NTPC SENIOR RECURVE AND 19TH NTPC SENIOR COMPOUND NATIONAL (M&W) ARCHERY CHAMPIONSHIP",COMPOUND MEN TEAM,SEMI-FINAL,BHAGWAN DAS,1993-05-10,AIPSCB,232,ABHISHEK VERMA,1989-06-26,DELHI,237,ABHISHEK VERMA,1989-06-26,AIPSCB
"30TH NTPC SENIOR INDIAN ROUND, 43RD NTPC SENIOR RECURVE AND 19TH NTPC SENIOR COMPOUND NATIONAL (M&W) ARCHERY CHAMPIONSHIP",COMPOUND MEN TEAM,SEMI-FINAL,BHAGWAN DAS,1993-05-10,AIPSCB,232,RITIK CHAHAL,2003-10-12,DELHI,237,RITIK CHAHAL,2003-10-12,AIPSCB
"30TH NTPC SENIOR INDIAN ROUND, 43RD NTPC SENIOR RECURVE AND 19TH NTPC SENIOR COMPOUND NATIONAL (M&W) ARCHERY CHAMPIONSHIP",COMPOUND MEN TEAM,FINAL,OJAS PRAVIN DEOTALE,2002-06-18,MAHARASHTRA,238,PRIYANSH,2003-03-22,DELHI,237,OJAS PRAVIN DEOTALE,2002-06-18,MAHARASHTRA
"30TH NTPC SENIOR INDIAN ROUND, 43RD NTPC SENIOR RECURVE AND 19TH NTPC SENIOR COMPOUND NATIONAL (M&W) ARCHERY CHAMPIONSHIP",COMPOUND MEN TEAM,FINAL,OJAS PRAVIN DEOTALE,2002-06-18,MAHARASHTRA,238,ABHISHEK VERMA,1989-06-26,DELHI,237,OJAS PRAVIN DEOTALE,2002-06-18,MAHARASHTRA
"30TH NTPC SENIOR INDIAN ROUND, 43RD NTPC SENIOR RECURVE AND 19TH NTPC SENIOR COMPOUND NATIONAL (M&W) ARCHERY CHAMPIONSHIP",COMPOUND MEN TEAM,FINAL,OJAS PRAVIN DEOTALE,2002-06-18,MAHARASHTRA,238,RITIK CHAHAL,2003-10-12,DELHI,237,OJAS PRAVIN DEOTALE,2002-06-18,MAHARASHTRA
"30TH NTPC SENIOR INDIAN ROUND, 43RD NTPC SENIOR RECURVE AND 19TH NTPC SENIOR COMPOUND NATIONAL (M&W) ARCHERY CHAMPIONSHIP",COMPOUND MEN TEAM,FINAL,PRATHAMESH BHALCHANDRA FUGE,2002-12-28,MAHARASHTRA,238,PRIYANSH,2003-03-22,DELHI,237,PRATHAMESH BHALCHANDRA FUGE,2002-12-28,MAHARASHTRA
"30TH NTPC SENIOR INDIAN ROUND, 43RD NTPC SENIOR RECURVE AND 19TH NTPC SENIOR COMPOUND NATIONAL (M&W) ARCHERY CHAMPIONSHIP",COMPOUND MEN TEAM,FINAL,PRATHAMESH BHALCHANDRA FUGE,2002-12-28,MAHARASHTRA,238,ABHISHEK VERMA,1989-06-26,DELHI,237,PRATHAMESH BHALCHANDRA FUGE,2002-12-28,MAHARASHTRA
"30TH NTPC SENIOR INDIAN ROUND, 43RD NTPC SENIOR RECURVE AND 19TH NTPC SENIOR COMPOUND NATIONAL (M&W) ARCHERY CHAMPIONSHIP",COMPOUND MEN TEAM,FINAL,PRATHAMESH BHALCHANDRA FUGE,2002-12-28,MAHARASHTRA,238,RITIK CHAHAL,2003-10-12,DELHI,237,PRATHAMESH BHALCHANDRA FUGE,2002-12-28,MAHARASHTRA
"30TH NTPC SENIOR INDIAN ROUND, 43RD NTPC SENIOR RECURVE AND 19TH NTPC SENIOR COMPOUND NATIONAL (M&W) ARCHERY CHAMPIONSHIP",COMPOUND WOMEN,QUARTER-FINAL,ADITI GOPICHAND SWAMI,2006-06-15,MAHARASHTRA,148,NIDHI SHARMA,1994-03-04,RSPB,141,ADITI GOPICHAND SWAMI,2006-06-15,MAHARASHTRA
"30TH NTPC SENIOR INDIAN ROUND, 43RD NTPC SENIOR RECURVE AND 19TH NTPC SENIOR COMPOUND NATIONAL (M&W) ARCHERY CHAMPIONSHIP",COMPOUND WOMEN,QUARTER-FINAL,RAGINEE MARKO,2000-04-04,MADHYA PRADESH,149,MADHURA DHAMANGAONKAR,2000-01-20,MAHARASHTRA,142,RAGINEE MARKO,2000-04-04,MADHYA PRADESH
"30TH NTPC SENIOR INDIAN ROUND, 43RD NTPC SENIOR RECURVE AND 19TH NTPC SENIOR COMPOUND NATIONAL (M&W) ARCHERY CHAMPIONSHIP",COMPOUND WOMEN,QUARTER-FINAL,PARNEET KAUR,2005-04-11,PUNJAB,147,AISHWARYA SHARMA,2007-12-08,DELHI,142,PARNEET KAUR,2005-04-11,PUNJAB
"30TH NTPC SENIOR INDIAN ROUND, 43RD NTPC SENIOR RECURVE AND 19TH NTPC SENIOR COMPOUND NATIONAL (M&W) ARCHERY CHAMPIONSHIP",COMPOUND WOMEN,QUARTER-FINAL,AKSHITA,2003-12-24,DELHI,148,MAYA BISHNOI,2004-04-07,RAJASTHAN,145,AKSHITA,2003-12-24,DELHI
"30TH NTPC SENIOR INDIAN ROUND, 43RD NTPC SENIOR RECURVE AND 19TH NTPC SENIOR COMPOUND NATIONAL (M&W) ARCHERY CHAMPIONSHIP",COMPOUND WOMEN,SEMI-FINAL,ADITI GOPICHAND SWAMI,2006-06-15,MAHARASHTRA,148,RAGINEE MARKO,2000-04-04,MADHYA PRADESH,144,ADITI GOPICHAND SWAMI,2006-06-15,MAHARASHTRA
"30TH NTPC SENIOR INDIAN ROUND, 43RD NTPC SENIOR RECURVE AND 19TH NTPC SENIOR COMPOUND NATIONAL (M&W) ARCHERY CHAMPIONSHIP",COMPOUND WOMEN,SEMI-FINAL,PARNEET KAUR,2005-04-11,PUNJAB,146,AKSHITA,2003-12-24,DELHI,146,AKSHITA,2003-12-24,PUNJAB
"30TH NTPC SENIOR INDIAN ROUND, 43RD NTPC SENIOR RECURVE AND 19TH NTPC SENIOR COMPOUND NATIONAL (M&W) ARCHERY CHAMPIONSHIP",COMPOUND WOMEN,FINAL,ADITI GOPICHAND SWAMI,2006-06-15,MAHARASHTRA,148,AKSHITA,2003-12-24,DELHI,146,ADITI GOPICHAND SWAMI,2006-06-15,MAHARASHTRA
"30TH NTPC SENIOR INDIAN ROUND, 43RD NTPC SENIOR RECURVE AND 19TH NTPC SENIOR COMPOUND NATIONAL (M&W) ARCHERY CHAMPIONSHIP",INDIAN ROUND MEN,QUARTER-FINAL,AZADVEER SINGH,2005-08-15,PUNJAB,7,MONU KUMAR,1998-01-05,DELHI,3,AZADVEER SINGH,2005-08-15,PUNJAB
"30TH NTPC SENIOR INDIAN ROUND, 43RD NTPC SENIOR RECURVE AND 19TH NTPC SENIOR COMPOUND NATIONAL (M&W) ARCHERY CHAMPIONSHIP",INDIAN ROUND MEN,QUARTER-FINAL,UJJWAL MUDGAL,2004-03-14,UTTAR PRADESH,6,SHILHEIBA LEITANTHEM,2007-03-06,MANIPUR,0,UJJWAL MUDGAL,2004-03-14,UTTAR PRADESH
"30TH NTPC SENIOR INDIAN ROUND, 43RD NTPC SENIOR RECURVE AND 19TH NTPC SENIOR COMPOUND NATIONAL (M&W) ARCHERY CHAMPIONSHIP",INDIAN ROUND MEN,QUARTER-FINAL,VIKAS YADAV,2005-07-05,RAJASTHAN,6,SHUBHAM RAM NAGE,1996-05-28,MAHARASHTRA,4,VIKAS YADAV,2005-07-05,RAJASTHAN
"30TH NTPC SENIOR INDIAN ROUND, 43RD NTPC SENIOR RECURVE AND 19TH NTPC SENIOR COMPOUND NATIONAL (M&W) ARCHERY CHAMPIONSHIP",INDIAN ROUND MEN,QUARTER-FINAL,SRABAN KUMAR MANDANGI,1995-05-02,ODISHA,2,ASHISH,2008-03-13,HARYANA,6,ASHISH,2008-03-13,ODISHA
"30TH NTPC SENIOR INDIAN ROUND, 43RD NTPC SENIOR RECURVE AND 19TH NTPC SENIOR COMPOUND NATIONAL (M&W) ARCHERY CHAMPIONSHIP",INDIAN ROUND MEN,SEMI-FINAL,AZADVEER SINGH,2005-08-15,PUNJAB,7,UJJWAL MUDGAL,2004-03-14,UTTAR PRADESH,3,AZADVEER SINGH,2005-08-15,PUNJAB
"30TH NTPC SENIOR INDIAN ROUND, 43RD NTPC SENIOR RECURVE AND 19TH NTPC SENIOR COMPOUND NATIONAL (M&W) ARCHERY CHAMPIONSHIP",INDIAN ROUND MEN,SEMI-FINAL,VIKAS YADAV,2005-07-05,RAJASTHAN,4,ASHISH,2008-03-13,HARYANA,6,ASHISH,2008-03-13,RAJASTHAN
"30TH NTPC SENIOR INDIAN ROUND, 43RD NTPC SENIOR RECURVE AND 19TH NTPC SENIOR COMPOUND NATIONAL (M&W) ARCHERY CHAMPIONSHIP",INDIAN ROUND MEN,FINAL,AZADVEER SINGH,2005-08-15,PUNJAB,6,ASHISH,2008-03-13,HARYANA,2,AZADVEER SINGH,2005-08-15,PUNJAB
"30TH NTPC SENIOR INDIAN ROUND, 43RD NTPC SENIOR RECURVE AND 19TH NTPC SENIOR COMPOUND NATIONAL (M&W) ARCHERY CHAMPIONSHIP",INDIAN ROUND MEN TEAM,1/8 FINAL,DASARATH RAJAGOPAL,2000-05-12,KERALA,6,KAYAM LAXMAN,2003-06-07,TELANGANA,2,DASARATH RAJAGOPAL,2000-05-12,KERALA
"30TH NTPC SENIOR INDIAN ROUND, 43RD NTPC SENIOR RECURVE AND 19TH NTPC SENIOR COMPOUND NATIONAL (M&W) ARCHERY CHAMPIONSHIP",INDIAN ROUND MEN TEAM,1/8 FINAL,DASARATH RAJAGOPAL,2000-05-12,KERALA,6,KODEM SARVESH,2002-08-18,TELANGANA,2,DASARATH RAJAGOPAL,2000-05-12,KERALA
"30TH NTPC SENIOR INDIAN ROUND, 43RD NTPC SENIOR RECURVE AND 19TH NTPC SENIOR COMPOUND NATIONAL (M&W) ARCHERY CHAMPIONSHIP",INDIAN ROUND MEN TEAM,1/8 FINAL,DASARATH RAJAGOPAL,2000-05-12,KERALA,6,PAYAM NAGESH,1998-06-08,TELANGANA,2,DASARATH RAJAGOPAL,2000-05-12,KERALA
"30TH NTPC SENIOR INDIAN ROUND, 43RD NTPC SENIOR RECURVE AND 19TH NTPC SENIOR COMPOUND NATIONAL (M&W) ARCHERY CHAMPIONSHIP",INDIAN ROUND MEN TEAM,1/8 FINAL,ARUN KUMAR,1997-08-17,KERALA,6,KAYAM LAXMAN,2003-06-07,TELANGANA,2,ARUN KUMAR,1997-08-17,KERALA
"30TH NTPC SENIOR INDIAN ROUND, 43RD NTPC SENIOR RECURVE AND 19TH NTPC SENIOR COMPOUND NATIONAL (M&W) ARCHERY CHAMPIONSHIP",INDIAN ROUND MEN TEAM,1/8 FINAL,ARUN KUMAR,1997-08-17,KERALA,6,KODEM SARVESH,2002-08-18,TELANGANA,2,ARUN KUMAR,1997-08-17,KERALA
"30TH NTPC SENIOR INDIAN ROUND, 43RD NTPC SENIOR RECURVE AND 19TH NTPC SENIOR COMPOUND NATIONAL (M&W) ARCHERY CHAMPIONSHIP",INDIAN ROUND MEN TEAM,1/8 FINAL,ARUN KUMAR,1997-08-17,KERALA,6,PAYAM NAGESH,1998-06-08,TELANGANA,2,ARUN KUMAR,1997-08-17,KERALA
"30TH NTPC SENIOR INDIAN ROUND, 43RD NTPC SENIOR RECURVE AND 19TH NTPC SENIOR COMPOUND NATIONAL (M&W) ARCHERY CHAMPIONSHIP",INDIAN ROUND MEN TEAM,1/8 FINAL,YOGENDRA HESSA,2008-08-20,JHARKHAND,6,ZHOKHOTO DEMO,1993-11-13,NAGALAND,2,YOGENDRA HESSA,2008-08-20,JHARKHAND
"30TH NTPC SENIOR INDIAN ROUND, 43RD NTPC SENIOR RECURVE AND 19TH NTPC SENIOR COMPOUND NATIONAL (M&W) ARCHERY CHAMPIONSHIP",INDIAN ROUND MEN TEAM,1/8 FINAL,YOGENDRA HESSA,2008-08-20,JHARKHAND,6,PRADEEP,1998-12-16,NAGALAND,2,YOGENDRA HESSA,2008-08-20,JHARKHAND
"30TH NTPC SENIOR INDIAN ROUND, 43RD NTPC SENIOR RECURVE AND 19TH NTPC SENIOR COMPOUND NATIONAL (M&W) ARCHERY CHAMPIONSHIP",INDIAN ROUND MEN TEAM,1/8 FINAL,YOGENDRA HESSA,2008-08-20,JHARKHAND,6,CHUNGKHAM HARICHANDRA SINGH,1991-02-10,NAGALAND,2,YOGENDRA HESSA,2008-08-20,JHARKHAND
"30TH NTPC SENIOR INDIAN ROUND, 43RD NTPC SENIOR RECURVE AND 19TH NTPC SENIOR COMPOUND NATIONAL (M&W) ARCHERY CHAMPIONSHIP",INDIAN ROUND MEN TEAM,1/8 FINAL,LOUKHAN BODRA,2009-09-19,JHARKHAND,6,ZHOKHOTO DEMO,1993-11-13,NAGALAND,2,LOUKHAN BODRA,2009-09-19,JHARKHAND
"30TH NTPC SENIOR INDIAN ROUND, 43RD NTPC SENIOR RECURVE AND 19TH NTPC SENIOR COMPOUND NATIONAL (M&W) ARCHERY CHAMPIONSHIP",INDIAN ROUND MEN TEAM,1/8 FINAL,LOUKHAN BODRA,2009-09-19,JHARKHAND,6,PRADEEP,1998-12-16,NAGALAND,2,LOUKHAN BODRA,2009-09-19,JHARKHAND
"30TH NTPC SENIOR INDIAN ROUND, 43RD NTPC SENIOR RECURVE AND 19TH NTPC SENIOR COMPOUND NATIONAL (M&W) ARCHERY CHAMPIONSHIP",INDIAN ROUND MEN TEAM,1/8 FINAL,LOUKHAN BODRA,2009-09-19,JHARKHAND,6,CHUNGKHAM HARICHANDRA SINGH,1991-02-10,NAGALAND,2,LOUKHAN BODRA,2009-09-19,JHARKHAND
"30TH NTPC SENIOR INDIAN ROUND, 43RD NTPC SENIOR RECURVE AND 19TH NTPC SENIOR COMPOUND NATIONAL (M&W) ARCHERY CHAMPIONSHIP",INDIAN ROUND MEN TEAM,1/8 FINAL,PRASAD RAOSAHEB BHANGE,2006-06-13,MAHARASHTRA,4.25*,VIKAS KUMAR,2003-05-10,CHHATTISGARH,4.25,PRASAD RAOSAHEB BHANGE,2006-06-13,MAHARASHTRA
"30TH NTPC SENIOR INDIAN ROUND, 43RD NTPC SENIOR RECURVE AND 19TH NTPC SENIOR COMPOUND NATIONAL (M&W) ARCHERY CHAMPIONSHIP",INDIAN ROUND MEN TEAM,1/8 FINAL,PRASAD RAOSAHEB BHANGE,2006-06-13,MAHARASHTRA,4.25*,KUBAR JAGAT,,CHHATTISGARH,4.25,PRASAD RAOSAHEB BHANGE,2006-06-13,MAHARASHTRA
"30TH NTPC SENIOR INDIAN ROUND, 43RD NTPC SENIOR RECURVE AND 19TH NTPC SENIOR COMPOUND NATIONAL (M&W) ARCHERY CHAMPIONSHIP",INDIAN ROUND MEN TEAM,1/8 FINAL,SHUBHAM RAM NAGE,1996-05-28,MAHARASHTRA,4.25*,VIKAS KUMAR,2003-05-10,CHHATTISGARH,4.25,SHUBHAM RAM NAGE,1996-05-28,MAHARASHTRA
"30TH NTPC SENIOR INDIAN ROUND, 43RD NTPC SENIOR RECURVE AND 19TH NTPC SENIOR COMPOUND NATIONAL (M&W) ARCHERY CHAMPIONSHIP",INDIAN ROUND MEN TEAM,1/8 FINAL,SHUBHAM RAM NAGE,1996-05-28,MAHARASHTRA,4.25*,KUBAR JAGAT,,CHHATTISGARH,4.25,SHUBHAM RAM NAGE,1996-05-28,MAHARASHTRA
"30TH NTPC SENIOR INDIAN ROUND, 43RD NTPC SENIOR RECURVE AND 19TH NTPC SENIOR COMPOUND NATIONAL (M&W) ARCHERY CHAMPIONSHIP",INDIAN ROUND MEN TEAM,1/8 FINAL,ARJUNBHAI JATARIYABHAI VASAVA,1992-04-24,GUJARAT,4.26,SHIVAM VAIDWAN,2001-02-10,UTTAR PRADESH,4.28,SHIVAM VAIDWAN,2001-02-10,GUJARAT
"30TH NTPC SENIOR INDIAN ROUND, 43RD NTPC SENIOR RECURVE AND 19TH NTPC SENIOR COMPOUND NATIONAL (M&W) ARCHERY CHAMPIONSHIP",INDIAN ROUND MEN TEAM,1/8 FINAL,ARJUNBHAI JATARIYABHAI VASAVA,1992-04-24,GUJARAT,4.26,UJJWAL MUDGAL,2004-03-14,UTTAR PRADESH,4.28,UJJWAL MUDGAL,2004-03-14,GUJARAT
"30TH NTPC SENIOR INDIAN ROUND, 43RD NTPC SENIOR RECURVE AND 19TH NTPC SENIOR COMPOUND NATIONAL (M&W) ARCHERY CHAMPIONSHIP",INDIAN ROUND MEN TEAM,1/8 FINAL,JAY PREMAJI BHAT,2003-08-15,GUJARAT,4.26,SHIVAM VAIDWAN,2001-02-10,UTTAR PRADESH,4.28,SHIVAM VAIDWAN,2001-02-10,GUJARAT
"30TH NTPC SENIOR INDIAN ROUND, 43RD NTPC SENIOR RECURVE AND 19TH NTPC SENIOR COMPOUND NATIONAL (M&W) ARCHERY CHAMPIONSHIP",INDIAN ROUND MEN TEAM,1/8 FINAL,JAY PREMAJI BHAT,2003-08-15,GUJARAT,4.26,UJJWAL MUDGAL,2004-03-14,UTTAR PRADESH,4.28,UJJWAL MUDGAL,2004-03-14,GUJARAT
"30TH NTPC SENIOR INDIAN ROUND, 43RD NTPC SENIOR RECURVE AND 19TH NTPC SENIOR COMPOUND NATIONAL (M&W) ARCHERY CHAMPIONSHIP",INDIAN ROUND MEN TEAM,1/8 FINAL,MANARANJAN BORO,1995-01-08,ASSAM,4.28,BIKRAM MAJHI,2008-02-08,ODISHA,1,MANARANJAN BORO,1995-01-08,ASSAM
"30TH NTPC SENIOR INDIAN ROUND, 43RD NTPC SENIOR RECURVE AND 19TH NTPC SENIOR COMPOUND NATIONAL (M&W) ARCHERY CHAMPIONSHIP",INDIAN ROUND MEN TEAM,1/8 FINAL,MANARANJAN BORO,1995-01-08,ASSAM,4.28,SRABAN KUMAR MANDANGI,1995-05-02,ODISHA,1,MANARANJAN BORO,1995-01-08,ASSAM
"30TH NTPC SENIOR INDIAN ROUND, 43RD NTPC SENIOR RECURVE AND 19TH NTPC SENIOR COMPOUND NATIONAL (M&W) ARCHERY CHAMPIONSHIP",INDIAN ROUND MEN TEAM,1/8 FINAL,RAJESH NARZARY,1994-06-14,ASSAM,4.28,BIKRAM MAJHI,2008-02-08,ODISHA,1,RAJESH NARZARY,1994-06-14,ASSAM
"30TH NTPC SENIOR INDIAN ROUND, 43RD NTPC SENIOR RECURVE AND 19TH NTPC SENIOR COMPOUND NATIONAL (M&W) ARCHERY CHAMPIONSHIP",INDIAN ROUND MEN TEAM,1/8 FINAL,RAJESH NARZARY,1994-06-14,ASSAM,4.28,SRABAN KUMAR MANDANGI,1995-05-02,ODISHA,1,RAJESH NARZARY,1994-06-14,ASSAM
"30TH NTPC SENIOR INDIAN ROUND, 43RD NTPC SENIOR RECURVE AND 19TH NTPC SENIOR COMPOUND NATIONAL (M&W) ARCHERY CHAMPIONSHIP",INDIAN ROUND MEN TEAM,1/8 FINAL,MONU KUMAR,1998-01-05,DELHI,4.27*,NAVEEN KUMAR,2006-04-06,RAJASTHAN,4.27,MONU KUMAR,1998-01-05,DELHI
"30TH NTPC SENIOR INDIAN ROUND, 43RD NTPC SENIOR RECURVE AND 19TH NTPC SENIOR COMPOUND NATIONAL (M&W) ARCHERY CHAMPIONSHIP",INDIAN ROUND MEN TEAM,1/8 FINAL,MONU KUMAR,1998-01-05,DELHI,4.27*,VIKAS YADAV,2005-07-05,RAJASTHAN,4.27,MONU KUMAR,1998-01-05,DELHI
"30TH NTPC SENIOR INDIAN ROUND, 43RD NTPC SENIOR RECURVE AND 19TH NTPC SENIOR COMPOUND NATIONAL (M&W) ARCHERY CHAMPIONSHIP",INDIAN ROUND MEN TEAM,1/8 FINAL,GHULAM RASOOL,1987-12-30,SSCB,3,SORU,,HARYANA,6,SORU,,SSCB
"30TH NTPC SENIOR INDIAN ROUND, 43RD NTPC SENIOR RECURVE AND 19TH NTPC SENIOR COMPOUND NATIONAL (M&W) ARCHERY CHAMPIONSHIP",INDIAN ROUND MEN TEAM,1/8 FINAL,GHULAM RASOOL,1987-12-30,SSCB,3,ASHISH,2008-03-13,HARYANA,6,ASHISH,2008-03-13,SSCB
"30TH NTPC SENIOR INDIAN ROUND, 43RD NTPC SENIOR RECURVE AND 19TH NTPC SENIOR COMPOUND NATIONAL (M&W) ARCHERY CHAMPIONSHIP",INDIAN ROUND MEN TEAM,1/8 FINAL,MOHD HUSSAIN,1980-02-15,SSCB,3,SORU,,HARYANA,6,SORU,,SSCB
"30TH NTPC SENIOR INDIAN ROUND, 43RD NTPC SENIOR RECURVE AND 19TH NTPC SENIOR COMPOUND NATIONAL (M&W) ARCHERY CHAMPIONSHIP",INDIAN ROUND MEN TEAM,1/8 FINAL,MOHD HUSSAIN,1980-02-15,SSCB,3,ASHISH,2008-03-13,HARYANA,6,ASHISH,2008-03-13,SSCB
"30TH NTPC SENIOR INDIAN ROUND, 43RD NTPC SENIOR RECURVE AND 19TH NTPC SENIOR COMPOUND NATIONAL (M&W) ARCHERY CHAMPIONSHIP",INDIAN ROUND MEN TEAM,1/8 FINAL,SHILHEIBA LEITANTHEM,2007-03-06,MANIPUR,2,ARUN BORO,1990-07-01,AIPSCB,6,ARUN BORO,1990-07-01,MANIPUR
"30TH NTPC SENIOR INDIAN ROUND, 43RD NTPC SENIOR RECURVE AND 19TH NTPC SENIOR COMPOUND NATIONAL (M&W) ARCHERY CHAMPIONSHIP",INDIAN ROUND MEN TEAM,1/8 FINAL,SHILHEIBA LEITANTHEM,2007-03-06,MANIPUR,2,PUKHRAMBAM HEROBA SINGH,1984-01-02,AIPSCB,6,PUKHRAMBAM HEROBA SINGH,1984-01-02,MANIPUR
"30TH NTPC SENIOR INDIAN ROUND, 43RD NTPC SENIOR RECURVE AND 19TH NTPC SENIOR COMPOUND NATIONAL (M&W) ARCHERY CHAMPIONSHIP",INDIAN ROUND MEN TEAM,1/8 FINAL,SHILHEIBA LEITANTHEM,2007-03-06,MANIPUR,2,JAYDEEP KUSHWAHA,1992-07-10,AIPSCB,6,JAYDEEP KUSHWAHA,1992-07-10,MANIPUR
"30TH NTPC SENIOR INDIAN ROUND, 43RD NTPC SENIOR RECURVE AND 19TH NTPC SENIOR COMPOUND NATIONAL (M&W) ARCHERY CHAMPIONSHIP",INDIAN ROUND MEN TEAM,1/4 FINAL,DASARATH RAJAGOPAL,2000-05-12,KERALA,5,YOGENDRA HESSA,2008-08-20,JHARKHAND,3,DASARATH RAJAGOPAL,2000-05-12,KERALA
"30TH NTPC SENIOR INDIAN ROUND, 43RD NTPC SENIOR RECURVE AND 19TH NTPC SENIOR COMPOUND NATIONAL (M&W) ARCHERY CHAMPIONSHIP",INDIAN ROUND MEN TEAM,1/4 FINAL,DASARATH RAJAGOPAL,2000-05-12,KERALA,5,LOUKHAN BODRA,2009-09-19,JHARKHAND,3,DASARATH RAJAGOPAL,2000-05-12,KERALA
"30TH NTPC SENIOR INDIAN ROUND, 43RD NTPC SENIOR RECURVE AND 19TH NTPC SENIOR COMPOUND NATIONAL (M&W) ARCHERY CHAMPIONSHIP",INDIAN ROUND MEN TEAM,1/4 FINAL,ARUN KUMAR,1997-08-17,KERALA,5,YOGENDRA HESSA,2008-08-20,JHARKHAND,3,ARUN KUMAR,1997-08-17,KERALA
"30TH NTPC SENIOR INDIAN ROUND, 43RD NTPC SENIOR RECURVE AND 19TH NTPC SENIOR COMPOUND NATIONAL (M&W) ARCHERY CHAMPIONSHIP",INDIAN ROUND MEN TEAM,1/4 FINAL,ARUN KUMAR,1997-08-17,KERALA,5,LOUKHAN BODRA,2009-09-19,JHARKHAND,3,ARUN KUMAR,1997-08-17,KERALA
"30TH NTPC SENIOR INDIAN ROUND, 43RD NTPC SENIOR RECURVE AND 19TH NTPC SENIOR COMPOUND NATIONAL (M&W) ARCHERY CHAMPIONSHIP",INDIAN ROUND MEN TEAM,1/4 FINAL,PRASAD RAOSAHEB BHANGE,2006-06-13,MAHARASHTRA,0,SHIVAM VAIDWAN,2001-02-10,UTTAR PRADESH,6,SHIVAM VAIDWAN,2001-02-10,MAHARASHTRA
"30TH NTPC SENIOR INDIAN ROUND, 43RD NTPC SENIOR RECURVE AND 19TH NTPC SENIOR COMPOUND NATIONAL (M&W) ARCHERY CHAMPIONSHIP",INDIAN ROUND MEN TEAM,1/4 FINAL,PRASAD RAOSAHEB BHANGE,2006-06-13,MAHARASHTRA,0,UJJWAL MUDGAL,2004-03-14,UTTAR PRADESH,6,UJJWAL MUDGAL,2004-03-14,MAHARASHTRA
"30TH NTPC SENIOR INDIAN ROUND, 43RD NTPC SENIOR RECURVE AND 19TH NTPC SENIOR COMPOUND NATIONAL (M&W) ARCHERY CHAMPIONSHIP",INDIAN ROUND MEN TEAM,1/4 FINAL,SHUBHAM RAM NAGE,1996-05-28,MAHARASHTRA,0,SHIVAM VAIDWAN,2001-02-10,UTTAR PRADESH,6,SHIVAM VAIDWAN,2001-02-10,MAHARASHTRA
"30TH NTPC SENIOR INDIAN ROUND, 43RD NTPC SENIOR RECURVE AND 19TH NTPC SENIOR COMPOUND NATIONAL (M&W) ARCHERY CHAMPIONSHIP",INDIAN ROUND MEN TEAM,1/4 FINAL,SHUBHAM RAM NAGE,1996-05-28,MAHARASHTRA,0,UJJWAL MUDGAL,2004-03-14,UTTAR PRADESH,6,UJJWAL MUDGAL,2004-03-14,MAHARASHTRA
"30TH NTPC SENIOR INDIAN ROUND, 43RD NTPC SENIOR RECURVE AND 19TH NTPC SENIOR COMPOUND NATIONAL (M&W) ARCHERY CHAMPIONSHIP",INDIAN ROUND MEN TEAM,1/4 FINAL,MANARANJAN BORO,1995-01-08,ASSAM,1,MONU KUMAR,1998-01-05,DELHI,6,MONU KUMAR,1998-01-05,ASSAM
"30TH NTPC SENIOR INDIAN ROUND, 43RD NTPC SENIOR RECURVE AND 19TH NTPC SENIOR COMPOUND NATIONAL (M&W) ARCHERY CHAMPIONSHIP",INDIAN ROUND MEN TEAM,1/4 FINAL,RAJESH NARZARY,1994-06-14,ASSAM,1,MONU KUMAR,1998-01-05,DELHI,6,MONU KUMAR,1998-01-05,ASSAM
"30TH NTPC SENIOR INDIAN ROUND, 43RD NTPC SENIOR RECURVE AND 19TH NTPC SENIOR COMPOUND NATIONAL (M&W) ARCHERY CHAMPIONSHIP",INDIAN ROUND MEN TEAM,1/4 FINAL,SORU,,HARYANA,6,ARUN BORO,1990-07-01,AIPSCB,4,SORU,,HARYANA
"30TH NTPC SENIOR INDIAN ROUND, 43RD NTPC SENIOR RECURVE AND 19TH NTPC SENIOR COMPOUND NATIONAL (M&W) ARCHERY CHAMPIONSHIP",INDIAN ROUND MEN TEAM,1/4 FINAL,SORU,,HARYANA,6,PUKHRAMBAM HEROBA SINGH,1984-01-02,AIPSCB,4,SORU,,HARYANA
"30TH NTPC SENIOR INDIAN ROUND, 43RD NTPC SENIOR RECURVE AND 19TH NTPC SENIOR COMPOUND NATIONAL (M&W) ARCHERY CHAMPIONSHIP",INDIAN ROUND MEN TEAM,1/4 FINAL,SORU,,HARYANA,6,JAYDEEP KUSHWAHA,1992-07-10,AIPSCB,4,SORU,,HARYANA
"30TH NTPC SENIOR INDIAN ROUND, 43RD NTPC SENIOR RECURVE AND 19TH NTPC SENIOR COMPOUND NATIONAL (M&W) ARCHERY CHAMPIONSHIP",INDIAN ROUND MEN TEAM,1/4 FINAL,ASHISH,2008-03-13,HARYANA,6,ARUN BORO,1990-07-01,AIPSCB,4,ASHISH,2008-03-13,HARYANA
"30TH NTPC SENIOR INDIAN ROUND, 43RD NTPC SENIOR RECURVE AND 19TH NTPC SENIOR COMPOUND NATIONAL (M&W) ARCHERY CHAMPIONSHIP",INDIAN ROUND MEN TEAM,1/4 FINAL,ASHISH,2008-03-13,HARYANA,6,PUKHRAMBAM HEROBA SINGH,1984-01-02,AIPSCB,4,ASHISH,2008-03-13,HARYANA
"30TH NTPC SENIOR INDIAN ROUND, 43RD NTPC SENIOR RECURVE AND 19TH NTPC SENIOR COMPOUND NATIONAL (M&W) ARCHERY CHAMPIONSHIP",INDIAN ROUND MEN TEAM,1/4 FINAL,ASHISH,2008-03-13,HARYANA,6,JAYDEEP KUSHWAHA,1992-07-10,AIPSCB,4,ASHISH,2008-03-13,HARYANA
"30TH NTPC SENIOR INDIAN ROUND, 43RD NTPC SENIOR RECURVE AND 19TH NTPC SENIOR COMPOUND NATIONAL (M&W) ARCHERY CHAMPIONSHIP",INDIAN ROUND MEN TEAM,SEMI-FINAL,DASARATH RAJAGOPAL,2000-05-12,KERALA,6,SHIVAM VAIDWAN,2001-02-10,UTTAR PRADESH,2,DASARATH RAJAGOPAL,2000-05-12,KERALA
"30TH NTPC SENIOR INDIAN ROUND, 43RD NTPC SENIOR RECURVE AND 19TH NTPC SENIOR COMPOUND NATIONAL (M&W) ARCHERY CHAMPIONSHIP",INDIAN ROUND MEN TEAM,SEMI-FINAL,DASARATH RAJAGOPAL,2000-05-12,KERALA,6,UJJWAL MUDGAL,2004-03-14,UTTAR PRADESH,2,DASARATH RAJAGOPAL,2000-05-12,KERALA
"30TH NTPC SENIOR INDIAN ROUND, 43RD NTPC SENIOR RECURVE AND 19TH NTPC SENIOR COMPOUND NATIONAL (M&W) ARCHERY CHAMPIONSHIP",INDIAN ROUND MEN TEAM,SEMI-FINAL,ARUN KUMAR,1997-08-17,KERALA,6,SHIVAM VAIDWAN,2001-02-10,UTTAR PRADESH,2,ARUN KUMAR,1997-08-17,KERALA
"30TH NTPC SENIOR INDIAN ROUND, 43RD NTPC SENIOR RECURVE AND 19TH NTPC SENIOR COMPOUND NATIONAL (M&W) ARCHERY CHAMPIONSHIP",INDIAN ROUND MEN TEAM,SEMI-FINAL,ARUN KUMAR,1997-08-17,KERALA,6,UJJWAL MUDGAL,2004-03-14,UTTAR PRADESH,2,ARUN KUMAR,1997-08-17,KERALA
"30TH NTPC SENIOR INDIAN ROUND, 43RD NTPC SENIOR RECURVE AND 19TH NTPC SENIOR COMPOUND NATIONAL (M&W) ARCHERY CHAMPIONSHIP",INDIAN ROUND MEN TEAM,SEMI-FINAL,MONU KUMAR,1998-01-05,DELHI,6,SORU,,HARYANA,4,MONU KUMAR,1998-01-05,DELHI
"30TH NTPC SENIOR INDIAN ROUND, 43RD NTPC SENIOR RECURVE AND 19TH NTPC SENIOR COMPOUND NATIONAL (M&W) ARCHERY CHAMPIONSHIP",INDIAN ROUND MEN TEAM,SEMI-FINAL,MONU KUMAR,1998-01-05,DELHI,6,ASHISH,2008-03-13,HARYANA,4,MONU KUMAR,1998-01-05,DELHI
"30TH NTPC SENIOR INDIAN ROUND, 43RD NTPC SENIOR RECURVE AND 19TH NTPC SENIOR COMPOUND NATIONAL (M&W) ARCHERY CHAMPIONSHIP",INDIAN ROUND MEN TEAM,FINAL,DASARATH RAJAGOPAL,2000-05-12,KERALA,5,MONU KUMAR,1998-01-05,DELHI,4,DASARATH RAJAGOPAL,2000-05-12,KERALA
"30TH NTPC SENIOR INDIAN ROUND, 43RD NTPC SENIOR RECURVE AND 19TH NTPC SENIOR COMPOUND NATIONAL (M&W) ARCHERY CHAMPIONSHIP",INDIAN ROUND MEN TEAM,FINAL,ARUN KUMAR,1997-08-17,KERALA,5,MONU KUMAR,1998-01-05,DELHI,4,ARUN KUMAR,1997-08-17,KERALA
"30TH NTPC SENIOR INDIAN ROUND, 43RD NTPC SENIOR RECURVE AND 19TH NTPC SENIOR COMPOUND NATIONAL (M&W) ARCHERY CHAMPIONSHIP",INDIAN ROUND WOMEN,QUARTER-FINAL,LAIIPHRAKPAM ROJINA SING,2005-03-15,MANIPUR,6,DIVYA,2004-01-14,HARYANA,0,LAIIPHRAKPAM ROJINA SING,2005-03-15,MANIPUR
"30TH NTPC SENIOR INDIAN ROUND, 43RD NTPC SENIOR RECURVE AND 19TH NTPC SENIOR COMPOUND NATIONAL (M&W) ARCHERY CHAMPIONSHIP",INDIAN ROUND WOMEN,QUARTER-FINAL,MANJOT KAUR,2004-07-18,PUNJAB,6,KALYANI GAIKWAD,,MADHYA PRADESH,0,MANJOT KAUR,2004-07-18,PUNJAB
"30TH NTPC SENIOR INDIAN ROUND, 43RD NTPC SENIOR RECURVE AND 19TH NTPC SENIOR COMPOUND NATIONAL (M&W) ARCHERY CHAMPIONSHIP",INDIAN ROUND WOMEN,QUARTER-FINAL,TUTUMONI BORO,1996-11-01,AIPSCB,7,SAKSHI SHASHIKANT SONAWANE,2003-02-03,MAHARASHTRA,1,TUTUMONI BORO,1996-11-01,AIPSCB
"30TH NTPC SENIOR INDIAN ROUND, 43RD NTPC SENIOR RECURVE AND 19TH NTPC SENIOR COMPOUND NATIONAL (M&W) ARCHERY CHAMPIONSHIP",INDIAN ROUND WOMEN,QUARTER-FINAL,RAMANDEEP KOUR,1999-06-29,RAJASTHAN,2,WANGKHEM MALESORI DEVI,2001-03-05,MANIPUR,6,WANGKHEM MALESORI DEVI,2001-03-05,RAJASTHAN
"30TH NTPC SENIOR INDIAN ROUND, 43RD NTPC SENIOR RECURVE AND 19TH NTPC SENIOR COMPOUND NATIONAL (M&W) ARCHERY CHAMPIONSHIP",INDIAN ROUND WOMEN,SEMI-FINAL,LAIIPHRAKPAM ROJINA SING,2005-03-15,MANIPUR,7,MANJOT KAUR,2004-07-18,PUNJAB,1,LAIIPHRAKPAM ROJINA SING,2005-03-15,MANIPUR
"30TH NTPC SENIOR INDIAN ROUND, 43RD NTPC SENIOR RECURVE AND 19TH NTPC SENIOR COMPOUND NATIONAL (M&W) ARCHERY CHAMPIONSHIP",INDIAN ROUND WOMEN,SEMI-FINAL,TUTUMONI BORO,1996-11-01,AIPSCB,5 (9),WANGKHEM MALESORI DEVI,2001-03-05,MANIPUR,5 (9)*,WANGKHEM MALESORI DEVI,2001-03-05,AIPSCB
"30TH NTPC SENIOR INDIAN ROUND, 43RD NTPC SENIOR RECURVE AND 19TH NTPC SENIOR COMPOUND NATIONAL (M&W) ARCHERY CHAMPIONSHIP",INDIAN ROUND WOMEN,FINAL,LAIIPHRAKPAM ROJINA SING,2005-03-15,MANIPUR,6,WANGKHEM MALESORI DEVI,2001-03-05,MANIPUR,2,LAIIPHRAKPAM ROJINA SING,2005-03-15,MANIPUR
"30TH NTPC SENIOR INDIAN ROUND, 43RD NTPC SENIOR RECURVE AND 19TH NTPC SENIOR COMPOUND NATIONAL (M&W) ARCHERY CHAMPIONSHIP",RECURVE WOMEN,QUARTER-FINAL,SANGEETA,2000-03-03,HARYANA,6,KRATIKA BICHPURIYA,2005-03-16,MADHYA PRADESH,2,SANGEETA,2000-03-03,HARYANA
"30TH NTPC SENIOR INDIAN ROUND, 43RD NTPC SENIOR RECURVE AND 19TH NTPC SENIOR COMPOUND NATIONAL (M&W) ARCHERY CHAMPIONSHIP",RECURVE WOMEN,QUARTER-FINAL,NIKKI SHARMA,2003-07-31,RAJASTHAN,7,GURMEHAR KAUR GREWAL,2003-09-29,CHANDIGARH,3,NIKKI SHARMA,2003-07-31,RAJASTHAN
"30TH NTPC SENIOR INDIAN ROUND, 43RD NTPC SENIOR RECURVE AND 19TH NTPC SENIOR COMPOUND NATIONAL (M&W) ARCHERY CHAMPIONSHIP",RECURVE WOMEN,QUARTER-FINAL,RIDHI,2004-05-31,HARYANA,7,VARSHA SONA,2001-11-04,RAJASTHAN,3,RIDHI,2004-05-31,HARYANA
"30TH NTPC SENIOR INDIAN ROUND, 43RD NTPC SENIOR RECURVE AND 19TH NTPC SENIOR COMPOUND NATIONAL (M&W) ARCHERY CHAMPIONSHIP",RECURVE WOMEN,QUARTER-FINAL,AMISHA CHAURASIYA,2005-10-20,UTTAR PRADESH,6,THOHRII SANAI,1999-12-03,MANIPUR,0,AMISHA CHAURASIYA,2005-10-20,UTTAR PRADESH
"30TH NTPC SENIOR INDIAN ROUND, 43RD NTPC SENIOR RECURVE AND 19TH NTPC SENIOR COMPOUND NATIONAL (M&W) ARCHERY CHAMPIONSHIP",RECURVE WOMEN,SEMI-FINAL,SANGEETA,2000-03-03,HARYANA,7,NIKKI SHARMA,2003-07-31,RAJASTHAN,5,SANGEETA,2000-03-03,HARYANA
"30TH NTPC SENIOR INDIAN ROUND, 43RD NTPC SENIOR RECURVE AND 19TH NTPC SENIOR COMPOUND NATIONAL (M&W) ARCHERY CHAMPIONSHIP",RECURVE WOMEN,SEMI-FINAL,RIDHI,2004-05-31,HARYANA,6,AMISHA CHAURASIYA,2005-10-20,UTTAR PRADESH,0,RIDHI,2004-05-31,HARYANA
"30TH NTPC SENIOR INDIAN ROUND, 43RD NTPC SENIOR RECURVE AND 19TH NTPC SENIOR COMPOUND NATIONAL (M&W) ARCHERY CHAMPIONSHIP",RECURVE WOMEN,FINAL,SANGEETA,2000-03-03,HARYANA,6,RIDHI,2004-05-31,HARYANA,2,SANGEETA,2000-03-03,HARYANA
"30TH NTPC SENIOR INDIAN ROUND, 43RD NTPC SENIOR RECURVE AND 19TH NTPC SENIOR COMPOUND NATIONAL (M&W) ARCHERY CHAMPIONSHIP",RECURVE WOMEN,BRONZE MEDAL,NIKKI SHARMA,2003-07-31,RAJASTHAN,2,AMISHA CHAURASIYA,2005-10-20,UTTAR PRADESH,6,AMISHA CHAURASIYA,2005-10-20,RAJASTHAN
