championship_name,event,round_name,player_a,player_a_country,score_a,player_b,player_b_country,score_b,winner,winner_country
World Archery Championship 2021,Compound Women,Round of 96,Danelle Wentzel-Lutz,RSA,0,BYE,,0,Danelle Wentzel-Lutz,RSA
World Archery Championship 2021,Compound Women,Round of 96,BYE,,0,Erika Damsbo,DEN,0,Erika Damsbo,DEN
World Archery Championship 2021,Compound Women,Round of 96,Esmeralda Sanchez,MEX,143,Etsuko Miyata,JPN,139,Esmeralda Sanchez,MEX
World Archery Championship 2021,Compound Women,Round of 96,BYE,,0,Andrea Becerra,MEX,0,Andrea Becerra,MEX
World Archery Championship 2021,Compound Women,Round of 96,Linda Ochoa-Anderson,USA,0,BYE,,0,Linda Ochoa-Anderson,USA
World Archery Championship 2021,Compound Women,Round of 96,Rita Pereira,POR,134,Paola Natale,ITA,144,Paola Natale,ITA
World Archery Championship 2021,Compound Women,Round of 96,Carolin Landesfeind,GER,137,Astrid Barria,PAN,130,Carolin Landesfeind,GER
World Archery Championship 2021,Compound Women,Round of 96,BYE,,0,Layla Annison,GBR,0,Layla Annison,GBR
World Archery Championship 2021,Compound Women,Round of 96,Maris Tetsmann,EST,0,BYE,,0,Maris Tetsmann,EST
World Archery Championship 2021,Compound Women,Round of 96,BYE,,0,Yun Soo Song,KOR,0,Yun Soo Song,KOR
World Archery Championship 2021,Compound Women,Round of 96,BYE,,0,BYE,,0,,
World Archery Championship 2021,Compound Women,Round of 96,BYE,,0,Ella Gibson,GBR,0,Ella Gibson,GBR
World Archery Championship 2021,Recurve Men,Quarterfinal,Great Britain,GBR,5,Belgium,BEL,3,Great Britain,GBR
World Archery Championship 2021,Recurve Men,Quarterfinal,India,IND,3,Chinese Taipei,TPE,5,Chinese Taipei,TPE
World Archery Championship 2021,Recurve Men,Quarterfinal,France,FRA,5,Türkiye,TUR,4,France,FRA
World Archery Championship 2021,Recurve Men,Quarterfinal,Japan,JPN,5,RAF,RAF,3,Japan,JPN
World Archery Championship 2021,Recurve Men,Quarterfinal,Spain,ESP,6,Ukraine,UKR,0,Spain,ESP
World Archery Championship 2021,Recurve Men,Quarterfinal,Mexico,MEX,0,United States of America,USA,6,United States of America,USA
World Archery Championship 2021,Recurve Men,Elimination Round,Republic of Korea,KOR,0,BYE,,0,Republic of Korea,KOR
World Archery Championship 2021,Recurve Men,Elimination Round,Slovenia,SLO,0,Germany,GER,6,Germany,GER
World Archery Championship 2021,Recurve Men,Elimination Round,Brazil,BRA,6,Guatemala,GUA,0,Brazil,BRA
World Archery Championship 2021,Recurve Men,Elimination Round,BYE,,0,Italy,ITA,0,Italy,ITA
World Archery Championship 2021,Recurve Men,Elimination Round,Great Britain,GBR,0,BYE,,0,Great Britain,GBR
World Archery Championship 2021,Recurve Men,Elimination Round,Belgium,BEL,5,Bangladesh,BAN,3,Belgium,BEL
World Archery Championship 2021,Recurve Men,Elimination Round,India,IND,5,Canada,CAN,4,India,IND
World Archery Championship 2021,Recurve Men,Elimination Round,BYE,,0,Chinese Taipei,TPE,0,Chinese Taipei,TPE
World Archery Championship 2021,Recurve Men,Elimination Round,France,FRA,0,BYE,,0,France,FRA
World Archery Championship 2021,Recurve Men,Elimination Round,Poland,POL,4,Türkiye,TUR,5,Türkiye,TUR
World Archery Championship 2021,Recurve Men,Elimination Round,Japan,JPN,5,Portugal,POR,1,Japan,JPN
World Archery Championship 2021,Recurve Men,Elimination Round,BYE,,0,RAF,RAF,0,RAF,RAF
World Archery Championship 2021,Recurve Men,Elimination Round,Spain,ESP,0,BYE,,0,Spain,ESP
World Archery Championship 2021,Recurve Men,Elimination Round,Mongolia,MGL,4,Ukraine,UKR,5,Ukraine,UKR
World Archery Championship 2021,Recurve Men,Elimination Round,Netherlands,NED,1,Mexico,MEX,5,Mexico,MEX
World Archery Championship 2021,Recurve Men,Elimination Round,BYE,,0,United States of America,USA,0,United States of America,USA
World Archery Championship 2021,Recurve Women,Gold Medal Match,Republic of Korea,KOR,5,Mexico,MEX,3,Republic of Korea,KOR
World Archery Championship 2021,Recurve Women,Bronze Medal Match,France,FRA,6,Brazil,BRA,2,France,FRA
World Archery Championship 2021,Recurve Women,Final,Republic of Korea,KOR,5,France,FRA,4,Republic of Korea,KOR
World Archery Championship 2021,Recurve Women,Final,Brazil,BRA,0,Mexico,MEX,6,Mexico,MEX
World Archery Championship 2021,Recurve Women,Semifinal,Republic of Korea,KOR,5,Great Britain,GBR,1,Republic of Korea,KOR
World Archery Championship 2021,Recurve Women,Semifinal,Germany,GER,2,France,FRA,6,France,FRA
World Archery Championship 2021,Recurve Women,Semifinal,Brazil,BRA,5,Italy,ITA,3,Brazil,BRA
World Archery Championship 2021,Recurve Women,Semifinal,India,IND,2,Mexico,MEX,6,Mexico,MEX
World Archery Championship 2021,Recurve Women,Quarterfinal,Republic of Korea,KOR,6,Czech Republic,CZE,0,Republic of Korea,KOR
World Archery Championship 2021,Recurve Women,Quarterfinal,Ukraine,UKR,0,Great Britain,GBR,6,Great Britain,GBR
World Archery Championship 2021,Recurve Women,Quarterfinal,Germany,GER,5,Belarus,BLR,1,Germany,GER
World Archery Championship 2021,Recurve Women,Quarterfinal,Poland,POL,2,France,FRA,6,France,FRA
World Archery Championship 2021,Recurve Women,Quarterfinal,RAF,RAF,4,Brazil,BRA,5,Brazil,BRA
World Archery Championship 2021,Recurve Women,Quarterfinal,Italy,ITA,6,United States of America,USA,2,Italy,ITA
World Archery Championship 2021,Recurve Women,Quarterfinal,India,IND,5,Japan,JPN,1,India,IND
World Archery Championship 2021,Recurve Women,Quarterfinal,Slovenia,SLO,0,Mexico,MEX,6,Mexico,MEX
World Archery Championship 2021,Recurve Women,Elimination Round,Republic of Korea,KOR,0,BYE,,0,Republic of Korea,KOR
World Archery Championship 2021,Recurve Women,Elimination Round,Czech Republic,CZE,6,Türkiye,TUR,0,Czech Republic,CZE
World Archery Championship 2021,Recurve Women,Elimination Round,Ukraine,UKR,0,BYE,,0,Ukraine,UKR
World Archery Championship 2021,Recurve Women,Elimination Round,BYE,,0,Great Britain,GBR,0,Great Britain,GBR
World Archery Championship 2021,Recurve Women,Elimination Round,Germany,GER,0,BYE,,0,Germany,GER
World Archery Championship 2021,Recurve Women,Elimination Round,BYE,,0,Belarus,BLR,0,Belarus,BLR
World Archery Championship 2021,Recurve Women,Elimination Round,Poland,POL,6,Saudi Arabia,KSA,0,Poland,POL
World Archery Championship 2021,Recurve Women,Elimination Round,BYE,,0,France,FRA,0,France,FRA
World Archery Championship 2021,Recurve Women,Elimination Round,RAF,RAF,0,BYE,,0,RAF,RAF
World Archery Championship 2021,Recurve Women,Elimination Round,Canada,CAN,4,Brazil,BRA,5,Brazil,BRA
World Archery Championship 2021,Recurve Women,Elimination Round,Italy,ITA,0,BYE,,0,Italy,ITA
World Archery Championship 2021,Recurve Women,Elimination Round,BYE,,0,United States of America,USA,0,United States of America,USA
World Archery Championship 2021,Recurve Women,Elimination Round,India,IND,0,BYE,,0,India,IND
World Archery Championship 2021,Recurve Women,Elimination Round,BYE,,0,Japan,JPN,0,Japan,JPN
World Archery Championship 2021,Recurve Women,Elimination Round,Spain,ESP,3,Slovenia,SLO,5,Slovenia,SLO
World Archery Championship 2021,Recurve Women,Elimination Round,BYE,,0,Mexico,MEX,0,Mexico,MEX
World Archery Championship 2021,Compound Men,Gold Medal Match,United States of America,USA,226,Mexico,MEX,211,United States of America,USA
World Archery Championship 2021,Compound Men,Bronze Medal Match,Austria,AUT,231,Netherlands,NED,231,Austria,AUT
World Archery Championship 2021,Compound Men,Final,United States of America,USA,232,Austria,AUT,231,United States of America,USA
World Archery Championship 2021,Compound Men,Final,Netherlands,NED,232,Mexico,MEX,234,Mexico,MEX
World Archery Championship 2021,Compound Men,Semifinal,Guatemala,GUA,233,United States of America,USA,235,United States of America,USA
World Archery Championship 2021,Compound Men,Semifinal,India,IND,235,Austria,AUT,238,Austria,AUT
World Archery Championship 2021,Compound Men,Semifinal,Republic of Korea,KOR,230,Netherlands,NED,232,Netherlands,NED
World Archery Championship 2021,Compound Men,Semifinal,Great Britain,GBR,230,Mexico,MEX,236,Mexico,MEX
World Archery Championship 2021,Compound Men,Quarterfinal,Türkiye,TUR,233,Guatemala,GUA,233,Guatemala,GUA
World Archery Championship 2021,Compound Men,Quarterfinal,United States of America,USA,235,Colombia,COL,231,United States of America,USA
World Archery Championship 2021,Compound Men,Quarterfinal,India,IND,236,Italy,ITA,230,India,IND
World Archery Championship 2021,Compound Men,Quarterfinal,Austria,AUT,233,Denmark,DEN,231,Austria,AUT
World Archery Championship 2021,Compound Men,Quarterfinal,Republic of Korea,KOR,235,Portugal,POR,233,Republic of Korea,KOR
World Archery Championship 2021,Compound Men,Quarterfinal,Netherlands,NED,237,France,FRA,235,Netherlands,NED
World Archery Championship 2021,Compound Men,Quarterfinal,Great Britain,GBR,232,RAF,RAF,230,Great Britain,GBR
World Archery Championship 2021,Compound Men,Quarterfinal,Mexico,MEX,238,Germany,GER,235,Mexico,MEX
World Archery Championship 2021,Compound Men,Elimination Round,Türkiye,TUR,0,BYE,,0,Türkiye,TUR
World Archery Championship 2021,Compound Men,Elimination Round,Guatemala,GUA,234,Slovenia,SLO,229,Guatemala,GUA
World Archery Championship 2021,Compound Men,Elimination Round,United States of America,USA,235,Saudi Arabia,KSA,191,United States of America,USA
World Archery Championship 2021,Compound Men,Elimination Round,BYE,,0,Colombia,COL,0,Colombia,COL
World Archery Championship 2021,Compound Men,Elimination Round,India,IND,0,BYE,,0,India,IND
World Archery Championship 2021,Compound Men,Elimination Round,Kazakhstan,KAZ,228,Italy,ITA,233,Italy,ITA
World Archery Championship 2021,Compound Men,Elimination Round,Austria,AUT,238,Faroe Islands,FRO,228,Austria,AUT
World Archery Championship 2021,Compound Men,Elimination Round,BYE,,0,Denmark,DEN,0,Denmark,DEN
World Archery Championship 2021,Compound Men,Elimination Round,Republic of Korea,KOR,0,BYE,,0,Republic of Korea,KOR
World Archery Championship 2021,Compound Men,Elimination Round,Portugal,POR,231,Canada,CAN,230,Portugal,POR
World Archery Championship 2021,Compound Men,Elimination Round,Netherlands,NED,232,Chinese Taipei,TPE,225,Netherlands,NED
World Archery Championship 2021,Compound Men,Elimination Round,BYE,,0,France,FRA,0,France,FRA
World Archery Championship 2021,Compound Men,Elimination Round,Great Britain,GBR,0,BYE,,0,Great Britain,GBR
World Archery Championship 2021,Compound Men,Elimination Round,Mongolia,MGL,213,RAF,RAF,235,RAF,RAF
World Archery Championship 2021,Compound Men,Elimination Round,Mexico,MEX,232,Spain,ESP,223,Mexico,MEX
World Archery Championship 2021,Compound Men,Elimination Round,BYE,,0,Germany,GER,0,Germany,GER
World Archery Championship 2021,Compound Women,Gold Medal Match,Colombia,COL,229,India,IND,224,Colombia,COL
World Archery Championship 2021,Compound Women,Bronze Medal Match,France,FRA,222,United States of America,USA,229,United States of America,USA
World Archery Championship 2021,Compound Women,Final,Colombia,COL,234,France,FRA,220,Colombia,COL
World Archery Championship 2021,Compound Women,Final,United States of America,USA,225,India,IND,226,India,IND
World Archery Championship 2021,Compound Women,Semifinal,Colombia,COL,231,Türkiye,TUR,230,Colombia,COL
World Archery Championship 2021,Compound Women,Semifinal,RAF,RAF,222,France,FRA,222,France,FRA
World Archery Championship 2021,Compound Women,Semifinal,United States of America,USA,227,Estonia,EST,223,United States of America,USA
World Archery Championship 2021,Compound Women,Semifinal,India,IND,230,Great Britain,GBR,230,India,IND
World Archery Championship 2021,Compound Women,Quarterfinal,Colombia,COL,234,Portugal,POR,210,Colombia,COL
World Archery Championship 2021,Compound Women,Quarterfinal,Netherlands,NED,221,Türkiye,TUR,229,Türkiye,TUR
World Archery Championship 2021,Compound Women,Quarterfinal,RAF,RAF,228,Mexico,MEX,227,RAF,RAF
World Archery Championship 2021,Compound Women,Quarterfinal,Italy,ITA,230,France,FRA,232,France,FRA
World Archery Championship 2021,Compound Women,Quarterfinal,United States of America,USA,236,Germany,GER,224,United States of America,USA
World Archery Championship 2021,Compound Women,Quarterfinal,Estonia,EST,232,Republic of Korea,KOR,231,Estonia,EST
World Archery Championship 2021,Compound Women,Quarterfinal,India,IND,235,Denmark,DEN,226,India,IND
World Archery Championship 2021,Compound Women,Quarterfinal,Chinese Taipei,TPE,223,Great Britain,GBR,233,Great Britain,GBR
World Archery Championship 2021,Compound Mixed,Gold Medal Match,India,IND,150,Colombia,COL,154,Colombia,COL
World Archery Championship 2021,Compound Mixed,Bronze Medal Match,Republic of Korea,KOR,152,Denmark,DEN,148,Republic of Korea,KOR
World Archery Championship 2021,Compound Mixed,Final,Republic of Korea,KOR,156,India,IND,159,India,IND
World Archery Championship 2021,Compound Mixed,Final,Denmark,DEN,155,Colombia,COL,157,Colombia,COL
World Archery Championship 2021,Compound Mixed,Semifinal,Italy,ITA,154,Republic of Korea,KOR,155,Republic of Korea,KOR
World Archery Championship 2021,Compound Mixed,Semifinal,India,IND,157,Netherlands,NED,155,India,IND
World Archery Championship 2021,Compound Mixed,Semifinal,Guatemala,GUA,153,Denmark,DEN,157,Denmark,DEN
World Archery Championship 2021,Compound Mixed,Semifinal,Mexico,MEX,156,Colombia,COL,156,Colombia,COL
World Archery Championship 2021,Compound Mixed,Quarterfinal,Türkiye,TUR,154,Italy,ITA,155,Italy,ITA
World Archery Championship 2021,Compound Mixed,Quarterfinal,Slovenia,SLO,155,Republic of Korea,KOR,156,Republic of Korea,KOR
World Archery Championship 2021,Compound Mixed,Quarterfinal,India,IND,157,RAF,RAF,150,India,IND
World Archery Championship 2021,Compound Mixed,Quarterfinal,Ukraine,UKR,153,Netherlands,NED,157,Netherlands,NED
World Archery Championship 2021,Compound Mixed,Quarterfinal,Great Britain,GBR,150,Guatemala,GUA,154,Guatemala,GUA
World Archery Championship 2021,Compound Mixed,Quarterfinal,Luxembourg,LUX,153,Denmark,DEN,155,Denmark,DEN
World Archery Championship 2021,Compound Mixed,Quarterfinal,United States of America,USA,155,Mexico,MEX,157,Mexico,MEX
World Archery Championship 2021,Compound Mixed,Quarterfinal,Estonia,EST,149,Colombia,COL,152,Colombia,COL
World Archery Championship 2021,Compound Mixed,Elimination Round,Türkiye,TUR,0,BYE,,0,Türkiye,TUR
World Archery Championship 2021,Compound Mixed,Elimination Round,Germany,GER,149,Italy,ITA,152,Italy,ITA
World Archery Championship 2021,Compound Mixed,Elimination Round,Slovenia,SLO,150,Japan,JPN,141,Slovenia,SLO
World Archery Championship 2021,Compound Mixed,Elimination Round,BYE,,0,Republic of Korea,KOR,0,Republic of Korea,KOR
World Archery Championship 2021,Compound Mixed,Elimination Round,India,IND,0,BYE,,0,India,IND
World Archery Championship 2021,Compound Mixed,Elimination Round,Chinese Taipei,TPE,147,RAF,RAF,148,RAF,RAF
World Archery Championship 2021,Compound Mixed,Elimination Round,Spain,ESP,143,Ukraine,UKR,145,Ukraine,UKR
World Archery Championship 2021,Compound Mixed,Elimination Round,BYE,,0,Netherlands,NED,0,Netherlands,NED
World Archery Championship 2021,Compound Mixed,Elimination Round,Great Britain,GBR,0,BYE,,0,Great Britain,GBR
World Archery Championship 2021,Compound Mixed,Elimination Round,Guatemala,GUA,150,Croatia,CRO,141,Guatemala,GUA
World Archery Championship 2021,Compound Mixed,Elimination Round,France,FRA,149,Luxembourg,LUX,150,Luxembourg,LUX
World Archery Championship 2021,Compound Mixed,Elimination Round,BYE,,0,Denmark,DEN,0,Denmark,DEN
World Archery Championship 2021,Compound Mixed,Elimination Round,United States of America,USA,0,BYE,,0,United States of America,USA
World Archery Championship 2021,Compound Mixed,Elimination Round,Portugal,POR,142,Mexico,MEX,152,Mexico,MEX
World Archery Championship 2021,Compound Mixed,Elimination Round,Estonia,EST,151,Canada,CAN,150,Estonia,EST
World Archery Championship 2021,Compound Mixed,Elimination Round,BYE,,0,Colombia,COL,0,Colombia,COL
World Archery Championship 2021,Recurve Mixed,Gold Medal Match,Republic of Korea,KOR,6,RAF,RAF,0,Republic of Korea,KOR
World Archery Championship 2021,Recurve Mixed,Bronze Medal Match,Japan,JPN,2,Türkiye,TUR,6,Türkiye,TUR
World Archery Championship 2021,Recurve Mixed,Final,Republic of Korea,KOR,5,Japan,JPN,1,Republic of Korea,KOR
World Archery Championship 2021,Recurve Mixed,Final,RAF,RAF,6,Türkiye,TUR,2,RAF,RAF
World Archery Championship 2021,Recurve Mixed,Semifinal,Republic of Korea,KOR,5,Mongolia,MGL,3,Republic of Korea,KOR
World Archery Championship 2021,Recurve Mixed,Semifinal,Germany,GER,4,Japan,JPN,5,Japan,JPN
World Archery Championship 2021,Recurve Mixed,Semifinal,France,FRA,1,RAF,RAF,5,RAF,RAF
World Archery Championship 2021,Recurve Mixed,Semifinal,Chinese Taipei,TPE,4,Türkiye,TUR,5,Türkiye,TUR
World Archery Championship 2021,Recurve Mixed,Quarterfinal,Republic of Korea,KOR,5,India,IND,1,Republic of Korea,KOR
World Archery Championship 2021,Recurve Mixed,Quarterfinal,Mongolia,MGL,5,Netherlands,NED,1,Mongolia,MGL
World Archery Championship 2021,Recurve Mixed,Quarterfinal,Mexico,MEX,2,Germany,GER,6,Germany,GER
World Archery Championship 2021,Recurve Mixed,Quarterfinal,Japan,JPN,5,Spain,ESP,3,Japan,JPN
World Archery Championship 2021,Recurve Mixed,Quarterfinal,France,FRA,5,Republic of Moldova,MDA,4,France,FRA
World Archery Championship 2021,Recurve Mixed,Quarterfinal,Slovenia,SLO,4,RAF,RAF,5,RAF,RAF
World Archery Championship 2021,Recurve Mixed,Quarterfinal,Brazil,BRA,4,Chinese Taipei,TPE,5,Chinese Taipei,TPE
World Archery Championship 2021,Recurve Mixed,Quarterfinal,Türkiye,TUR,5,United States of America,USA,4,Türkiye,TUR
World Archery Championship 2021,Recurve Mixed,Elimination Round,Republic of Korea,KOR,0,BYE,,0,Republic of Korea,KOR
World Archery Championship 2021,Recurve Mixed,Elimination Round,Ukraine,UKR,0,India,IND,6,India,IND
World Archery Championship 2021,Recurve Mixed,Elimination Round,Italy,ITA,3,Mongolia,MGL,5,Mongolia,MGL
World Archery Championship 2021,Recurve Mixed,Elimination Round,BYE,,0,Netherlands,NED,0,Netherlands,NED
World Archery Championship 2021,Recurve Mixed,Elimination Round,Mexico,MEX,0,BYE,,0,Mexico,MEX
World Archery Championship 2021,Recurve Mixed,Elimination Round,Slovakia,SVK,0,Germany,GER,6,Germany,GER
World Archery Championship 2021,Recurve Mixed,Elimination Round,Japan,JPN,5,Belarus,BLR,3,Japan,JPN
World Archery Championship 2021,Recurve Mixed,Elimination Round,BYE,,0,Spain,ESP,0,Spain,ESP
World Archery Championship 2021,Recurve Mixed,Elimination Round,France,FRA,0,BYE,,0,France,FRA
World Archery Championship 2021,Recurve Mixed,Elimination Round,Colombia,COL,2,Republic of Moldova,MDA,6,Republic of Moldova,MDA
World Archery Championship 2021,Recurve Mixed,Elimination Round,Great Britain,GBR,2,Slovenia,SLO,6,Slovenia,SLO
World Archery Championship 2021,Recurve Mixed,Elimination Round,BYE,,0,RAF,RAF,0,RAF,RAF
World Archery Championship 2021,Recurve Mixed,Elimination Round,Brazil,BRA,0,BYE,,0,Brazil,BRA
World Archery Championship 2021,Recurve Mixed,Elimination Round,Poland,POL,1,Chinese Taipei,TPE,5,Chinese Taipei,TPE
World Archery Championship 2021,Recurve Mixed,Elimination Round,Türkiye,TUR,6,Czech Republic,CZE,2,Türkiye,TUR
World Archery Championship 2021,Recurve Mixed,Elimination Round,BYE,,0,United States of America,USA,0,United States of America,USA
World Archery Championship 2023,Compound Women,Round of 96,Sandra Jankowska,POL,0,BYE,,0,Sandra Jankowska,POL
World Archery Championship 2023,Compound Women,Round of 96,Irmak Yuksel,TUR,125,Eiry Cristina Snak Nisi,BRA,134,Eiry Cristina Snak Nisi,BRA
World Archery Championship 2023,Compound Women,Round of 96,Satu Nisula,FIN,130,Jaqueline Ringström,SWE,121,Satu Nisula,FIN
World Archery Championship 2023,Compound Women,Round of 96,BYE,,0,Mariya Klein,LUX,0,Mariya Klein,LUX
World Archery Championship 2023,Compound Women,Round of 96,Yoohyun Oh,KOR,0,BYE,,0,Yoohyun Oh,KOR
World Archery Championship 2023,Compound Women,Round of 96,Madeleine Xue Li Ong,SGP,120,Tiphaine Renaudin,FRA,129,Tiphaine Renaudin,FRA
World Archery Championship 2023,Compound Women,Round of 96,Paola Corado,ESA,138,Ingrid Ronacher,AUT,131,Paola Corado,ESA
World Archery Championship 2023,Compound Women,Round of 96,BYE,,0,Lu-Yun Wang,TPE,0,Lu-Yun Wang,TPE
World Archery Championship 2023,Compound Women,Round of 96,Adel Zhexenbinova,KAZ,132,Yuk Sheung Wong,HKG,119,Adel Zhexenbinova,KAZ
World Archery Championship 2023,Compound Women,Round of 96,Giselle De Sousa,POR,121,Liko Arreola,USA,128,Liko Arreola,USA
World Archery Championship 2023,Compound Women,Round of 96,BYE,,0,BYE,,0,,
World Archery Championship 2023,Compound Women,Round of 96,BYE,,0,Jyothi Surekha Vennam,IND,0,Jyothi Surekha Vennam,IND
World Archery Championship 2023,Recurve Men,Quarterfinal,United States of America,USA,0,Italy,ITA,6,Italy,ITA
World Archery Championship 2023,Recurve Men,Quarterfinal,Indonesia,INA,5,Germany,GER,3,Indonesia,INA
World Archery Championship 2023,Recurve Men,Quarterfinal,People's Republic of China,CHN,6,Australia,AUS,0,People's Republic of China,CHN
World Archery Championship 2023,Recurve Men,Quarterfinal,Japan,JPN,6,Chinese Taipei,TPE,0,Japan,JPN
World Archery Championship 2023,Recurve Men,Quarterfinal,Türkiye,TUR,5,Spain,ESP,4,Türkiye,TUR
World Archery Championship 2023,Recurve Men,Quarterfinal,Mexico,MEX,0,Netherlands,NED,6,Netherlands,NED
World Archery Championship 2023,Recurve Men,Elimination Round,Republic of Korea,KOR,0,BYE,,0,Republic of Korea,KOR
World Archery Championship 2023,Recurve Men,Elimination Round,Slovenia,SLO,2,Brazil,BRA,6,Brazil,BRA
World Archery Championship 2023,Recurve Men,Elimination Round,India,IND,5,Malaysia,MAS,4,India,IND
World Archery Championship 2023,Recurve Men,Elimination Round,BYE,,0,France,FRA,0,France,FRA
World Archery Championship 2023,Recurve Men,Elimination Round,United States of America,USA,0,BYE,,0,United States of America,USA
World Archery Championship 2023,Recurve Men,Elimination Round,Israel,ISR,4,Italy,ITA,5,Italy,ITA
World Archery Championship 2023,Recurve Men,Elimination Round,Indonesia,INA,6,Switzerland,SUI,0,Indonesia,INA
World Archery Championship 2023,Recurve Men,Elimination Round,BYE,,0,Germany,GER,0,Germany,GER
World Archery Championship 2023,Recurve Men,Elimination Round,People's Republic of China,CHN,0,BYE,,0,People's Republic of China,CHN
World Archery Championship 2023,Recurve Men,Elimination Round,Mongolia,MGL,1,Australia,AUS,5,Australia,AUS
World Archery Championship 2023,Recurve Men,Elimination Round,Japan,JPN,5,Great Britain,GBR,4,Japan,JPN
World Archery Championship 2023,Recurve Men,Elimination Round,BYE,,0,Chinese Taipei,TPE,0,Chinese Taipei,TPE
World Archery Championship 2023,Recurve Men,Elimination Round,Türkiye,TUR,0,BYE,,0,Türkiye,TUR
World Archery Championship 2023,Recurve Men,Elimination Round,Spain,ESP,6,Canada,CAN,0,Spain,ESP
World Archery Championship 2023,Recurve Men,Elimination Round,Kazakhstan,KAZ,1,Mexico,MEX,5,Mexico,MEX
World Archery Championship 2023,Recurve Men,Elimination Round,BYE,,0,Netherlands,NED,0,Netherlands,NED
World Archery Championship 2023,Recurve Women,Gold Medal Match,France,FRA,3,Germany,GER,5,Germany,GER
World Archery Championship 2023,Recurve Women,Bronze Medal Match,Netherlands,NED,3,Mexico,MEX,5,Mexico,MEX
World Archery Championship 2023,Recurve Women,Final,France,FRA,6,Netherlands,NED,0,France,FRA
World Archery Championship 2023,Recurve Women,Final,Germany,GER,6,Mexico,MEX,0,Germany,GER
World Archery Championship 2023,Recurve Women,Semifinal,Indonesia,INA,3,France,FRA,5,France,FRA
World Archery Championship 2023,Recurve Women,Semifinal,Netherlands,NED,6,India,IND,2,Netherlands,NED
World Archery Championship 2023,Recurve Women,Semifinal,Germany,GER,5,United States of America,USA,3,Germany,GER
World Archery Championship 2023,Recurve Women,Semifinal,Mexico,MEX,6,People's Republic of China,CHN,0,Mexico,MEX
World Archery Championship 2023,Recurve Women,Quarterfinal,Republic of Korea,KOR,3,Indonesia,INA,5,Indonesia,INA
World Archery Championship 2023,Recurve Women,Quarterfinal,Great Britain,GBR,4,France,FRA,5,France,FRA
World Archery Championship 2023,Recurve Women,Quarterfinal,Italy,ITA,3,Netherlands,NED,5,Netherlands,NED
World Archery Championship 2023,Recurve Women,Quarterfinal,India,IND,6,Ukraine,UKR,0,India,IND
World Archery Championship 2023,Recurve Women,Quarterfinal,Germany,GER,5,Spain,ESP,1,Germany,GER
World Archery Championship 2023,Recurve Women,Quarterfinal,United States of America,USA,6,Chinese Taipei,TPE,2,United States of America,USA
World Archery Championship 2023,Recurve Women,Quarterfinal,Mexico,MEX,5,Japan,JPN,3,Mexico,MEX
World Archery Championship 2023,Recurve Women,Quarterfinal,Vietnam,VIE,2,People's Republic of China,CHN,6,People's Republic of China,CHN
World Archery Championship 2023,Recurve Women,Elimination Round,Republic of Korea,KOR,0,BYE,,0,Republic of Korea,KOR
World Archery Championship 2023,Recurve Women,Elimination Round,Indonesia,INA,5,Denmark,DEN,3,Indonesia,INA
World Archery Championship 2023,Recurve Women,Elimination Round,Great Britain,GBR,6,Malaysia,MAS,0,Great Britain,GBR
World Archery Championship 2023,Recurve Women,Elimination Round,BYE,,0,France,FRA,0,France,FRA
World Archery Championship 2023,Recurve Women,Elimination Round,Italy,ITA,0,BYE,,0,Italy,ITA
World Archery Championship 2023,Recurve Women,Elimination Round,Brazil,BRA,4,Netherlands,NED,5,Netherlands,NED
World Archery Championship 2023,Recurve Women,Elimination Round,India,IND,6,Kazakhstan,KAZ,2,India,IND
World Archery Championship 2023,Recurve Women,Elimination Round,BYE,,0,Ukraine,UKR,0,Ukraine,UKR
World Archery Championship 2023,Recurve Women,Elimination Round,Germany,GER,0,BYE,,0,Germany,GER
World Archery Championship 2023,Recurve Women,Elimination Round,Greece,GRE,2,Spain,ESP,6,Spain,ESP
World Archery Championship 2023,Recurve Women,Elimination Round,United States of America,USA,5,Georgia,GEO,4,United States of America,USA
World Archery Championship 2023,Recurve Women,Elimination Round,BYE,,0,Chinese Taipei,TPE,0,Chinese Taipei,TPE
World Archery Championship 2023,Recurve Women,Elimination Round,Mexico,MEX,0,BYE,,0,Mexico,MEX
World Archery Championship 2023,Recurve Women,Elimination Round,Türkiye,TUR,0,Japan,JPN,6,Japan,JPN
World Archery Championship 2023,Recurve Women,Elimination Round,Poland,POL,0,Vietnam,VIE,6,Vietnam,VIE
World Archery Championship 2023,Recurve Women,Elimination Round,BYE,,0,People's Republic of China,CHN,0,People's Republic of China,CHN
World Archery Championship 2023,Compound Men,Gold Medal Match,Poland,POL,233,Denmark,DEN,233,Poland,POL
World Archery Championship 2023,Compound Men,Bronze Medal Match,Republic of Korea,KOR,231,Netherlands,NED,235,Netherlands,NED
World Archery Championship 2023,Compound Men,Final,Republic of Korea,KOR,229,Poland,POL,233,Poland,POL
World Archery Championship 2023,Compound Men,Final,Netherlands,NED,227,Denmark,DEN,227,Denmark,DEN
World Archery Championship 2023,Compound Men,Semifinal,Republic of Korea,KOR,236,Italy,ITA,230,Republic of Korea,KOR
World Archery Championship 2023,Compound Men,Semifinal,Poland,POL,235,Chinese Taipei,TPE,232,Poland,POL
World Archery Championship 2023,Compound Men,Semifinal,India,IND,230,Netherlands,NED,235,Netherlands,NED
World Archery Championship 2023,Compound Men,Semifinal,Slovenia,SLO,229,Denmark,DEN,233,Denmark,DEN
World Archery Championship 2023,Compound Men,Quarterfinal,Republic of Korea,KOR,231,South Africa,RSA,218,Republic of Korea,KOR
World Archery Championship 2023,Compound Men,Quarterfinal,Italy,ITA,236,Austria,AUT,232,Italy,ITA
World Archery Championship 2023,Compound Men,Quarterfinal,Poland,POL,233,El Salvador,ESA,230,Poland,POL
World Archery Championship 2023,Compound Men,Quarterfinal,Chinese Taipei,TPE,229,Türkiye,TUR,227,Chinese Taipei,TPE
World Archery Championship 2023,Compound Men,Quarterfinal,India,IND,233,France,FRA,230,India,IND
World Archery Championship 2023,Compound Men,Quarterfinal,Netherlands,NED,230,United States of America,USA,228,Netherlands,NED
World Archery Championship 2023,Compound Men,Quarterfinal,Colombia,COL,226,Slovenia,SLO,230,Slovenia,SLO
World Archery Championship 2023,Compound Men,Quarterfinal,Australia,AUS,227,Denmark,DEN,233,Denmark,DEN
World Archery Championship 2023,Compound Men,Elimination Round,Republic of Korea,KOR,0,BYE,,0,Republic of Korea,KOR
World Archery Championship 2023,Compound Men,Elimination Round,South Africa,RSA,230,Israel,ISR,227,South Africa,RSA
World Archery Championship 2023,Compound Men,Elimination Round,Italy,ITA,232,Canada,CAN,232,Italy,ITA
World Archery Championship 2023,Compound Men,Elimination Round,BYE,,0,Austria,AUT,0,Austria,AUT
World Archery Championship 2023,Compound Men,Elimination Round,Poland,POL,0,BYE,,0,Poland,POL
World Archery Championship 2023,Compound Men,Elimination Round,Sweden,SWE,229,El Salvador,ESA,234,El Salvador,ESA
World Archery Championship 2023,Compound Men,Elimination Round,Chinese Taipei,TPE,234,Germany,GER,224,Chinese Taipei,TPE
World Archery Championship 2023,Compound Men,Elimination Round,BYE,,0,Türkiye,TUR,0,Türkiye,TUR
World Archery Championship 2023,Compound Men,Elimination Round,India,IND,0,BYE,,0,India,IND
World Archery Championship 2023,Compound Men,Elimination Round,Malaysia,MAS,225,France,FRA,237,France,FRA
World Archery Championship 2023,Compound Men,Elimination Round,Netherlands,NED,237,Slovakia,SVK,231,Netherlands,NED
World Archery Championship 2023,Compound Men,Elimination Round,BYE,,0,United States of America,USA,0,United States of America,USA
World Archery Championship 2023,Compound Men,Elimination Round,Colombia,COL,0,BYE,,0,Colombia,COL
World Archery Championship 2023,Compound Men,Elimination Round,Great Britain,GBR,223,Slovenia,SLO,227,Slovenia,SLO
World Archery Championship 2023,Compound Men,Elimination Round,Australia,AUS,230,Mexico,MEX,227,Australia,AUS
World Archery Championship 2023,Compound Men,Elimination Round,BYE,,0,Denmark,DEN,0,Denmark,DEN
World Archery Championship 2023,Compound Women,Gold Medal Match,Mexico,MEX,229,India,IND,235,India,IND
World Archery Championship 2023,Compound Women,Bronze Medal Match,Republic of Korea,KOR,230,Colombia,COL,225,Republic of Korea,KOR
World Archery Championship 2023,Compound Women,Final,Mexico,MEX,224,Republic of Korea,KOR,222,Mexico,MEX
World Archery Championship 2023,Compound Women,Final,Colombia,COL,216,India,IND,220,India,IND
World Archery Championship 2023,Compound Women,Semifinal,Mexico,MEX,233,Germany,GER,227,Mexico,MEX
World Archery Championship 2023,Compound Women,Semifinal,Great Britain,GBR,230,Republic of Korea,KOR,233,Republic of Korea,KOR
World Archery Championship 2023,Compound Women,Semifinal,Colombia,COL,235,United States of America,USA,225,Colombia,COL
World Archery Championship 2023,Compound Women,Semifinal,Chinese Taipei,TPE,226,India,IND,228,India,IND
World Archery Championship 2023,Compound Women,Quarterfinal,Mexico,MEX,231,Thailand,THA,227,Mexico,MEX
World Archery Championship 2023,Compound Women,Quarterfinal,Estonia,EST,226,Germany,GER,229,Germany,GER
World Archery Championship 2023,Compound Women,Quarterfinal,Great Britain,GBR,234,Poland,POL,225,Great Britain,GBR
World Archery Championship 2023,Compound Women,Quarterfinal,France,FRA,227,Republic of Korea,KOR,229,Republic of Korea,KOR
World Archery Championship 2023,Compound Women,Quarterfinal,Colombia,COL,230,Italy,ITA,229,Colombia,COL
World Archery Championship 2023,Compound Women,Quarterfinal,Kazakhstan,KAZ,227,United States of America,USA,233,United States of America,USA
World Archery Championship 2023,Compound Women,Quarterfinal,Chinese Taipei,TPE,228,El Salvador,ESA,226,Chinese Taipei,TPE
World Archery Championship 2023,Compound Women,Quarterfinal,Türkiye,TUR,228,India,IND,230,India,IND
World Archery Championship 2023,Compound Women,Elimination Round,Mexico,MEX,0,BYE,,0,Mexico,MEX
World Archery Championship 2023,Compound Women,Elimination Round,Thailand,THA,226,Netherlands,NED,224,Thailand,THA
World Archery Championship 2023,Compound Women,Elimination Round,Estonia,EST,0,BYE,,0,Estonia,EST
World Archery Championship 2023,Compound Women,Elimination Round,BYE,,0,Germany,GER,0,Germany,GER
World Archery Championship 2023,Compound Women,Elimination Round,Great Britain,GBR,0,BYE,,0,Great Britain,GBR
World Archery Championship 2023,Compound Women,Elimination Round,BYE,,0,Poland,POL,0,Poland,POL
World Archery Championship 2023,Compound Women,Elimination Round,France,FRA,0,BYE,,0,France,FRA
World Archery Championship 2023,Compound Women,Elimination Round,BYE,,0,Republic of Korea,KOR,0,Republic of Korea,KOR
World Archery Championship 2023,Compound Women,Elimination Round,Colombia,COL,0,BYE,,0,Colombia,COL
World Archery Championship 2023,Compound Women,Elimination Round,Iceland,ISL,190,Italy,ITA,222,Italy,ITA
World Archery Championship 2023,Compound Women,Elimination Round,Kazakhstan,KAZ,0,BYE,,0,Kazakhstan,KAZ
World Archery Championship 2023,Compound Women,Elimination Round,BYE,,0,United States of America,USA,0,United States of America,USA
World Archery Championship 2023,Compound Women,Elimination Round,Chinese Taipei,TPE,0,BYE,,0,Chinese Taipei,TPE
World Archery Championship 2023,Compound Women,Elimination Round,BYE,,0,El Salvador,ESA,0,El Salvador,ESA
World Archery Championship 2023,Compound Women,Elimination Round,Türkiye,TUR,231,Switzerland,SUI,189,Türkiye,TUR
World Archery Championship 2023,Compound Women,Elimination Round,BYE,,0,India,IND,0,India,IND
World Archery Championship 2023,Compound Mixed,Gold Medal Match,United States of America,USA,156,Colombia,COL,154,United States of America,USA
World Archery Championship 2023,Compound Mixed,Bronze Medal Match,Netherlands,NED,155,Luxembourg,LUX,156,Luxembourg,LUX
World Archery Championship 2023,Compound Mixed,Final,United States of America,USA,154,Netherlands,NED,151,United States of America,USA
World Archery Championship 2023,Compound Mixed,Final,Luxembourg,LUX,153,Colombia,COL,155,Colombia,COL
World Archery Championship 2023,Compound Mixed,Semifinal,India,IND,153,United States of America,USA,154,United States of America,USA
World Archery Championship 2023,Compound Mixed,Semifinal,Netherlands,NED,153,El Salvador,ESA,148,Netherlands,NED
World Archery Championship 2023,Compound Mixed,Semifinal,Italy,ITA,150,Luxembourg,LUX,156,Luxembourg,LUX
World Archery Championship 2023,Compound Mixed,Semifinal,Estonia,EST,151,Colombia,COL,154,Colombia,COL
World Archery Championship 2023,Compound Mixed,Quarterfinal,India,IND,156,Australia,AUS,152,India,IND
World Archery Championship 2023,Compound Mixed,Quarterfinal,United States of America,USA,156,Poland,POL,156,United States of America,USA
World Archery Championship 2023,Compound Mixed,Quarterfinal,Netherlands,NED,154,Great Britain,GBR,148,Netherlands,NED
World Archery Championship 2023,Compound Mixed,Quarterfinal,Malaysia,MAS,153,El Salvador,ESA,155,El Salvador,ESA
World Archery Championship 2023,Compound Mixed,Quarterfinal,Republic of Korea,KOR,156,Italy,ITA,157,Italy,ITA
World Archery Championship 2023,Compound Mixed,Quarterfinal,Luxembourg,LUX,159,Mexico,MEX,157,Luxembourg,LUX
World Archery Championship 2023,Compound Mixed,Quarterfinal,Estonia,EST,154,Brazil,BRA,150,Estonia,EST
World Archery Championship 2023,Compound Mixed,Quarterfinal,Chinese Taipei,TPE,155,Colombia,COL,155,Colombia,COL
World Archery Championship 2023,Compound Mixed,Elimination Round,India,IND,0,BYE,,0,India,IND
World Archery Championship 2023,Compound Mixed,Elimination Round,Germany,GER,151,Australia,AUS,156,Australia,AUS
World Archery Championship 2023,Compound Mixed,Elimination Round,United States of America,USA,158,Slovakia,SVK,150,United States of America,USA
World Archery Championship 2023,Compound Mixed,Elimination Round,BYE,,0,Poland,POL,0,Poland,POL
World Archery Championship 2023,Compound Mixed,Elimination Round,Netherlands,NED,0,BYE,,0,Netherlands,NED
World Archery Championship 2023,Compound Mixed,Elimination Round,Croatia,CRO,150,Great Britain,GBR,152,Great Britain,GBR
World Archery Championship 2023,Compound Mixed,Elimination Round,Kazakhstan,KAZ,152,Malaysia,MAS,152,Malaysia,MAS
World Archery Championship 2023,Compound Mixed,Elimination Round,BYE,,0,El Salvador,ESA,0,El Salvador,ESA
World Archery Championship 2023,Compound Mixed,Elimination Round,Republic of Korea,KOR,0,BYE,,0,Republic of Korea,KOR
World Archery Championship 2023,Compound Mixed,Elimination Round,France,FRA,151,Italy,ITA,157,Italy,ITA
World Archery Championship 2023,Compound Mixed,Elimination Round,Luxembourg,LUX,159,Austria,AUT,154,Luxembourg,LUX
World Archery Championship 2023,Compound Mixed,Elimination Round,BYE,,0,Mexico,MEX,0,Mexico,MEX
World Archery Championship 2023,Compound Mixed,Elimination Round,Estonia,EST,0,BYE,,0,Estonia,EST
World Archery Championship 2023,Compound Mixed,Elimination Round,Brazil,BRA,155,Türkiye,TUR,154,Brazil,BRA
World Archery Championship 2023,Compound Mixed,Elimination Round,Puerto Rico,PUR,153,Chinese Taipei,TPE,156,Chinese Taipei,TPE
World Archery Championship 2023,Compound Mixed,Elimination Round,BYE,,0,Colombia,COL,0,Colombia,COL
World Archery Championship 2023,Recurve Mixed,Gold Medal Match,Republic of Korea,KOR,5,Germany,GER,1,Republic of Korea,KOR
World Archery Championship 2023,Recurve Mixed,Bronze Medal Match,Italy,ITA,5,Chinese Taipei,TPE,3,Italy,ITA
World Archery Championship 2023,Recurve Mixed,Final,Republic of Korea,KOR,6,Italy,ITA,0,Republic of Korea,KOR
World Archery Championship 2023,Recurve Mixed,Final,Germany,GER,5,Chinese Taipei,TPE,4,Germany,GER
World Archery Championship 2023,Recurve Mixed,Semifinal,Republic of Korea,KOR,6,Kazakhstan,KAZ,0,Republic of Korea,KOR
World Archery Championship 2023,Recurve Mixed,Semifinal,United States of America,USA,2,Italy,ITA,6,Italy,ITA
World Archery Championship 2023,Recurve Mixed,Semifinal,Japan,JPN,2,Germany,GER,6,Germany,GER
World Archery Championship 2023,Recurve Mixed,Semifinal,Chinese Taipei,TPE,5,Mexico,MEX,1,Chinese Taipei,TPE
World Archery Championship 2023,Recurve Mixed,Quarterfinal,Republic of Korea,KOR,5,Ukraine,UKR,4,Republic of Korea,KOR
World Archery Championship 2023,Recurve Mixed,Quarterfinal,Kazakhstan,KAZ,5,France,FRA,3,Kazakhstan,KAZ
World Archery Championship 2023,Recurve Mixed,Quarterfinal,United States of America,USA,5,Indonesia,INA,1,United States of America,USA
World Archery Championship 2023,Recurve Mixed,Quarterfinal,Italy,ITA,5,India,IND,4,Italy,ITA
World Archery Championship 2023,Recurve Mixed,Quarterfinal,People's Republic of China,CHN,1,Japan,JPN,5,Japan,JPN
World Archery Championship 2023,Recurve Mixed,Quarterfinal,Netherlands,NED,2,Germany,GER,6,Germany,GER
World Archery Championship 2023,Recurve Mixed,Quarterfinal,Chinese Taipei,TPE,5,Great Britain,GBR,1,Chinese Taipei,TPE
World Archery Championship 2023,Recurve Mixed,Quarterfinal,Türkiye,TUR,2,Mexico,MEX,6,Mexico,MEX
World Archery Championship 2023,Recurve Mixed,Elimination Round,Republic of Korea,KOR,0,BYE,,0,Republic of Korea,KOR
World Archery Championship 2023,Recurve Mixed,Elimination Round,Brazil,BRA,3,Ukraine,UKR,5,Ukraine,UKR
World Archery Championship 2023,Recurve Mixed,Elimination Round,Spain,ESP,0,Kazakhstan,KAZ,6,Kazakhstan,KAZ
World Archery Championship 2023,Recurve Mixed,Elimination Round,BYE,,0,France,FRA,0,France,FRA
World Archery Championship 2023,Recurve Mixed,Elimination Round,United States of America,USA,0,BYE,,0,United States of America,USA
World Archery Championship 2023,Recurve Mixed,Elimination Round,Denmark,DEN,1,Indonesia,INA,5,Indonesia,INA
World Archery Championship 2023,Recurve Mixed,Elimination Round,Italy,ITA,5,Colombia,COL,1,Italy,ITA
World Archery Championship 2023,Recurve Mixed,Elimination Round,BYE,,0,India,IND,0,India,IND
World Archery Championship 2023,Recurve Mixed,Elimination Round,People's Republic of China,CHN,0,BYE,,0,People's Republic of China,CHN
World Archery Championship 2023,Recurve Mixed,Elimination Round,Czech Republic,CZE,2,Japan,JPN,6,Japan,JPN
World Archery Championship 2023,Recurve Mixed,Elimination Round,Netherlands,NED,6,Poland,POL,2,Netherlands,NED
World Archery Championship 2023,Recurve Mixed,Elimination Round,BYE,,0,Germany,GER,0,Germany,GER
World Archery Championship 2023,Recurve Mixed,Elimination Round,Chinese Taipei,TPE,0,BYE,,0,Chinese Taipei,TPE
World Archery Championship 2023,Recurve Mixed,Elimination Round,Canada,CAN,0,Great Britain,GBR,6,Great Britain,GBR
World Archery Championship 2023,Recurve Mixed,Elimination Round,Vietnam,VIE,4,Türkiye,TUR,5,Türkiye,TUR
World Archery Championship 2023,Recurve Mixed,Elimination Round,BYE,,0,Mexico,MEX,0,Mexico,MEX
World Archery Championship 2025,Compound Women,Round of 96,Sooin Sim,KOR,144,Andrea Nicole Moccia,ITA,143,Sooin Sim,KOR
World Archery Championship 2025,Compound Women,Round of 96,Anna Twining,AUS,139,Mingxing Li,CHN,145,Mingxing Li,CHN
World Archery Championship 2025,Compound Women,Round of 96,Amaya Amparo Cojuangco,PHI,145,Sandra Jankowska,POL,144,Amaya Amparo Cojuangco,PHI
World Archery Championship 2025,Compound Women,Round of 96,Michiko Brianna Gonzales,PHI,126,Olivia Dean,USA,145,Olivia Dean,USA
World Archery Championship 2025,Compound Women,Round of 96,Yurike Nina Bonita Pereira,INA,147,Eowyn Mamalias,ISL,140,Yurike Nina Bonita Pereira,INA
World Archery Championship 2025,Compound Women,Round of 96,Chloe Leroy,FRA,144,Lea Girault,FRA,142,Chloe Leroy,FRA
World Archery Championship 2025,Compound Women,Round of 96,Paula Diaz Morillas,ESP,146,Jeanine Van Kradenburg,RSA,147,Jeanine Van Kradenburg,RSA
World Archery Championship 2025,Compound Women,Round of 96,Jolita Antanaitytė-Garškienė,LTU,144,Thi Kim Anh Nguyen,VIE,146,Thi Kim Anh Nguyen,VIE
World Archery Championship 2025,Compound Women,Round of 96,Most Kulsum Akther Mone,BAN,149,Camila Alvarenga,ESA,143,Most Kulsum Akther Mone,BAN
World Archery Championship 2025,Compound Women,Round of 96,Magdalena Zygmunciak,POL,137,Bianca Rodrigues,BRA,144,Bianca Rodrigues,BRA
World Archery Championship 2025,Compound Women,Round of 96,BYE,,0,BYE,,0,,
World Archery Championship 2025,Compound Women,Round of 96,BYE,,0,Chaewon So,KOR,0,Chaewon So,KOR
World Archery Championship 2025,Recurve Men,Quarterfinal,Chinese Taipei,TPE,2,Germany,GER,6,Germany,GER
World Archery Championship 2025,Recurve Men,Quarterfinal,Great Britain,GBR,2,Japan,JPN,6,Japan,JPN
World Archery Championship 2025,Recurve Men,Quarterfinal,Italy,ITA,2,Spain,ESP,6,Spain,ESP
World Archery Championship 2025,Recurve Men,Quarterfinal,Indonesia,INA,2,United States of America,USA,6,United States of America,USA
World Archery Championship 2025,Recurve Men,Quarterfinal,Ukraine,UKR,0,Brazil,BRA,6,Brazil,BRA
World Archery Championship 2025,Recurve Men,Quarterfinal,Kazakhstan,KAZ,2,People's Republic of China,CHN,6,People's Republic of China,CHN
World Archery Championship 2025,Recurve Men,Elimination Round,Republic of Korea,KOR,0,BYE,,0,Republic of Korea,KOR
World Archery Championship 2025,Recurve Men,Elimination Round,Mongolia,MGL,2,Türkiye,TUR,6,Türkiye,TUR
World Archery Championship 2025,Recurve Men,Elimination Round,India,IND,4,Denmark,DEN,5,Denmark,DEN
World Archery Championship 2025,Recurve Men,Elimination Round,BYE,,0,France,FRA,0,France,FRA
World Archery Championship 2025,Recurve Men,Elimination Round,Chinese Taipei,TPE,0,BYE,,0,Chinese Taipei,TPE
World Archery Championship 2025,Recurve Men,Elimination Round,Australia,AUS,1,Germany,GER,5,Germany,GER
World Archery Championship 2025,Recurve Men,Elimination Round,Canada,CAN,4,Great Britain,GBR,5,Great Britain,GBR
World Archery Championship 2025,Recurve Men,Elimination Round,BYE,,0,Japan,JPN,0,Japan,JPN
World Archery Championship 2025,Recurve Men,Elimination Round,Italy,ITA,0,BYE,,0,Italy,ITA
World Archery Championship 2025,Recurve Men,Elimination Round,Colombia,COL,3,Spain,ESP,5,Spain,ESP
World Archery Championship 2025,Recurve Men,Elimination Round,Indonesia,INA,6,Bangladesh,BAN,2,Indonesia,INA
World Archery Championship 2025,Recurve Men,Elimination Round,BYE,,0,United States of America,USA,0,United States of America,USA
World Archery Championship 2025,Recurve Men,Elimination Round,Ukraine,UKR,0,BYE,,0,Ukraine,UKR
World Archery Championship 2025,Recurve Men,Elimination Round,Vietnam,VIE,3,Brazil,BRA,5,Brazil,BRA
World Archery Championship 2025,Recurve Men,Elimination Round,Mexico,MEX,4,Kazakhstan,KAZ,5,Kazakhstan,KAZ
World Archery Championship 2025,Recurve Men,Elimination Round,BYE,,0,People's Republic of China,CHN,0,People's Republic of China,CHN
World Archery Championship 2025,Recurve Women,Gold Medal Match,Chinese Taipei,TPE,6,Japan,JPN,0,Chinese Taipei,TPE
World Archery Championship 2025,Recurve Women,Bronze Medal Match,Republic of Korea,KOR,5,India,IND,3,Republic of Korea,KOR
World Archery Championship 2025,Recurve Women,Final,Republic of Korea,KOR,4,Chinese Taipei,TPE,5,Chinese Taipei,TPE
World Archery Championship 2025,Recurve Women,Final,India,IND,2,Japan,JPN,6,Japan,JPN
World Archery Championship 2025,Recurve Women,Semifinal,Republic of Korea,KOR,6,Italy,ITA,2,Republic of Korea,KOR
World Archery Championship 2025,Recurve Women,Semifinal,Chinese Taipei,TPE,5,United States of America,USA,4,Chinese Taipei,TPE
World Archery Championship 2025,Recurve Women,Semifinal,India,IND,6,Türkiye,TUR,2,India,IND
World Archery Championship 2025,Recurve Women,Semifinal,Japan,JPN,5,People's Republic of China,CHN,1,Japan,JPN
World Archery Championship 2025,Recurve Women,Quarterfinal,Republic of Korea,KOR,6,Vietnam,VIE,2,Republic of Korea,KOR
World Archery Championship 2025,Recurve Women,Quarterfinal,France,FRA,3,Italy,ITA,5,Italy,ITA
World Archery Championship 2025,Recurve Women,Quarterfinal,Chinese Taipei,TPE,5,Germany,GER,4,Chinese Taipei,TPE
World Archery Championship 2025,Recurve Women,Quarterfinal,Kazakhstan,KAZ,0,United States of America,USA,6,United States of America,USA
World Archery Championship 2025,Recurve Women,Quarterfinal,India,IND,5,Slovenia,SLO,1,India,IND
World Archery Championship 2025,Recurve Women,Quarterfinal,Ukraine,UKR,1,Türkiye,TUR,5,Türkiye,TUR
World Archery Championship 2025,Recurve Women,Quarterfinal,Spain,ESP,3,Japan,JPN,5,Japan,JPN
World Archery Championship 2025,Recurve Women,Quarterfinal,Netherlands,NED,2,People's Republic of China,CHN,6,People's Republic of China,CHN
World Archery Championship 2025,Recurve Women,Elimination Round,Republic of Korea,KOR,0,BYE,,0,Republic of Korea,KOR
World Archery Championship 2025,Recurve Women,Elimination Round,Vietnam,VIE,5,Mexico,MEX,3,Vietnam,VIE
World Archery Championship 2025,Recurve Women,Elimination Round,France,FRA,6,Poland,POL,0,France,FRA
World Archery Championship 2025,Recurve Women,Elimination Round,BYE,,0,Italy,ITA,0,Italy,ITA
World Archery Championship 2025,Recurve Women,Elimination Round,Chinese Taipei,TPE,0,BYE,,0,Chinese Taipei,TPE
World Archery Championship 2025,Recurve Women,Elimination Round,Brazil,BRA,2,Germany,GER,6,Germany,GER
World Archery Championship 2025,Recurve Women,Elimination Round,Indonesia,INA,4,Kazakhstan,KAZ,5,Kazakhstan,KAZ
World Archery Championship 2025,Recurve Women,Elimination Round,BYE,,0,United States of America,USA,0,United States of America,USA
World Archery Championship 2025,Recurve Women,Elimination Round,India,IND,0,BYE,,0,India,IND
World Archery Championship 2025,Recurve Women,Elimination Round,Slovenia,SLO,6,Malaysia,MAS,0,Slovenia,SLO
World Archery Championship 2025,Recurve Women,Elimination Round,Ukraine,UKR,6,Republic of Moldova,MDA,0,Ukraine,UKR
World Archery Championship 2025,Recurve Women,Elimination Round,BYE,,0,Türkiye,TUR,0,Türkiye,TUR
World Archery Championship 2025,Recurve Women,Elimination Round,Spain,ESP,0,BYE,,0,Spain,ESP
World Archery Championship 2025,Recurve Women,Elimination Round,Uzbekistan,UZB,2,Japan,JPN,6,Japan,JPN
World Archery Championship 2025,Recurve Women,Elimination Round,Great Britain,GBR,4,Netherlands,NED,5,Netherlands,NED
World Archery Championship 2025,Recurve Women,Elimination Round,BYE,,0,People's Republic of China,CHN,0,People's Republic of China,CHN
World Archery Championship 2025,Compound Men,Gold Medal Match,France,FRA,233,India,IND,235,India,IND
World Archery Championship 2025,Compound Men,Bronze Medal Match,Slovenia,SLO,233,Türkiye,TUR,232,Slovenia,SLO
World Archery Championship 2025,Compound Men,Final,Slovenia,SLO,231,France,FRA,232,France,FRA
World Archery Championship 2025,Compound Men,Final,Türkiye,TUR,232,India,IND,234,India,IND
World Archery Championship 2025,Compound Men,Semifinal,Republic of Korea,KOR,229,Slovenia,SLO,230,Slovenia,SLO
World Archery Championship 2025,Compound Men,Semifinal,France,FRA,236,Chinese Taipei,TPE,229,France,FRA
World Archery Championship 2025,Compound Men,Semifinal,Türkiye,TUR,231,El Salvador,ESA,229,Türkiye,TUR
World Archery Championship 2025,Compound Men,Semifinal,United States of America,USA,233,India,IND,234,India,IND
World Archery Championship 2025,Compound Men,Quarterfinal,Republic of Korea,KOR,234,Guatemala,GUA,231,Republic of Korea,KOR
World Archery Championship 2025,Compound Men,Quarterfinal,Slovenia,SLO,232,Mexico,MEX,230,Slovenia,SLO
World Archery Championship 2025,Compound Men,Quarterfinal,France,FRA,233,Hungary,HUN,226,France,FRA
World Archery Championship 2025,Compound Men,Quarterfinal,Vietnam,VIE,222,Chinese Taipei,TPE,231,Chinese Taipei,TPE
World Archery Championship 2025,Compound Men,Quarterfinal,Türkiye,TUR,233,Denmark,DEN,228,Türkiye,TUR
World Archery Championship 2025,Compound Men,Quarterfinal,Indonesia,INA,227,El Salvador,ESA,229,El Salvador,ESA
World Archery Championship 2025,Compound Men,Quarterfinal,United States of America,USA,237,Great Britain,GBR,231,United States of America,USA
World Archery Championship 2025,Compound Men,Quarterfinal,Australia,AUS,232,India,IND,232,India,IND
World Archery Championship 2025,Compound Men,Elimination Round,Republic of Korea,KOR,0,BYE,,0,Republic of Korea,KOR
World Archery Championship 2025,Compound Men,Elimination Round,Germany,GER,230,Guatemala,GUA,232,Guatemala,GUA
World Archery Championship 2025,Compound Men,Elimination Round,Slovenia,SLO,230,Belgium,BEL,223,Slovenia,SLO
World Archery Championship 2025,Compound Men,Elimination Round,BYE,,0,Mexico,MEX,0,Mexico,MEX
World Archery Championship 2025,Compound Men,Elimination Round,France,FRA,0,BYE,,0,France,FRA
World Archery Championship 2025,Compound Men,Elimination Round,Hungary,HUN,226,Italy,ITA,226,Hungary,HUN
World Archery Championship 2025,Compound Men,Elimination Round,Netherlands,NED,218,Vietnam,VIE,221,Vietnam,VIE
World Archery Championship 2025,Compound Men,Elimination Round,BYE,,0,Chinese Taipei,TPE,0,Chinese Taipei,TPE
World Archery Championship 2025,Compound Men,Elimination Round,Türkiye,TUR,0,BYE,,0,Türkiye,TUR
World Archery Championship 2025,Compound Men,Elimination Round,Denmark,DEN,232,Poland,POL,227,Denmark,DEN
World Archery Championship 2025,Compound Men,Elimination Round,Indonesia,INA,224,Canada,CAN,223,Indonesia,INA
World Archery Championship 2025,Compound Men,Elimination Round,BYE,,0,El Salvador,ESA,0,El Salvador,ESA
World Archery Championship 2025,Compound Men,Elimination Round,United States of America,USA,0,BYE,,0,United States of America,USA
World Archery Championship 2025,Compound Men,Elimination Round,Israel,ISR,225,Great Britain,GBR,231,Great Britain,GBR
World Archery Championship 2025,Compound Men,Elimination Round,Kazakhstan,KAZ,228,Australia,AUS,229,Australia,AUS
World Archery Championship 2025,Compound Men,Elimination Round,BYE,,0,India,IND,0,India,IND
World Archery Championship 2025,Compound Women,Gold Medal Match,United States of America,USA,231,Mexico,MEX,236,Mexico,MEX
World Archery Championship 2025,Compound Women,Bronze Medal Match,Great Britain,GBR,229,Kazakhstan,KAZ,232,Kazakhstan,KAZ
World Archery Championship 2025,Compound Women,Final,Great Britain,GBR,230,United States of America,USA,234,United States of America,USA
World Archery Championship 2025,Compound Women,Final,Kazakhstan,KAZ,231,Mexico,MEX,231,Mexico,MEX
World Archery Championship 2025,Compound Women,Semifinal,El Salvador,ESA,230,Great Britain,GBR,231,Great Britain,GBR
World Archery Championship 2025,Compound Women,Semifinal,Indonesia,INA,231,United States of America,USA,231,United States of America,USA
World Archery Championship 2025,Compound Women,Semifinal,Italy,ITA,227,Kazakhstan,KAZ,228,Kazakhstan,KAZ
World Archery Championship 2025,Compound Women,Semifinal,Denmark,DEN,231,Mexico,MEX,232,Mexico,MEX
World Archery Championship 2025,Compound Women,Quarterfinal,Republic of Korea,KOR,229,El Salvador,ESA,231,El Salvador,ESA
World Archery Championship 2025,Compound Women,Quarterfinal,Great Britain,GBR,231,Chinese Taipei,TPE,224,Great Britain,GBR
World Archery Championship 2025,Compound Women,Quarterfinal,Indonesia,INA,234,Spain,ESP,233,Indonesia,INA
World Archery Championship 2025,Compound Women,Quarterfinal,Australia,AUS,226,United States of America,USA,234,United States of America,USA
World Archery Championship 2025,Compound Women,Quarterfinal,India,IND,229,Italy,ITA,233,Italy,ITA
World Archery Championship 2025,Compound Women,Quarterfinal,Kazakhstan,KAZ,230,Estonia,EST,226,Kazakhstan,KAZ
World Archery Championship 2025,Compound Women,Quarterfinal,Türkiye,TUR,226,Denmark,DEN,231,Denmark,DEN
World Archery Championship 2025,Compound Women,Quarterfinal,France,FRA,232,Mexico,MEX,232,Mexico,MEX
World Archery Championship 2025,Compound Women,Elimination Round,Republic of Korea,KOR,0,BYE,,0,Republic of Korea,KOR
World Archery Championship 2025,Compound Women,Elimination Round,Bangladesh,BAN,228,El Salvador,ESA,232,El Salvador,ESA
World Archery Championship 2025,Compound Women,Elimination Round,Great Britain,GBR,237,Philippines,PHI,223,Great Britain,GBR
World Archery Championship 2025,Compound Women,Elimination Round,BYE,,0,Chinese Taipei,TPE,0,Chinese Taipei,TPE
World Archery Championship 2025,Compound Women,Elimination Round,Indonesia,INA,0,BYE,,0,Indonesia,INA
World Archery Championship 2025,Compound Women,Elimination Round,Brazil,BRA,222,Spain,ESP,231,Spain,ESP
World Archery Championship 2025,Compound Women,Elimination Round,Vietnam,VIE,225,Australia,AUS,229,Australia,AUS
World Archery Championship 2025,Compound Women,Elimination Round,BYE,,0,United States of America,USA,0,United States of America,USA
World Archery Championship 2025,Compound Women,Elimination Round,India,IND,0,BYE,,0,India,IND
World Archery Championship 2025,Compound Women,Elimination Round,Sweden,SWE,227,Italy,ITA,230,Italy,ITA
World Archery Championship 2025,Compound Women,Elimination Round,Kazakhstan,KAZ,229,Poland,POL,227,Kazakhstan,KAZ
World Archery Championship 2025,Compound Women,Elimination Round,BYE,,0,Estonia,EST,0,Estonia,EST
World Archery Championship 2025,Compound Women,Elimination Round,Türkiye,TUR,0,BYE,,0,Türkiye,TUR
World Archery Championship 2025,Compound Women,Elimination Round,"Hong Kong, China",HKG,219,Denmark,DEN,224,Denmark,DEN
World Archery Championship 2025,Compound Women,Elimination Round,France,FRA,233,Germany,GER,232,France,FRA
World Archery Championship 2025,Compound Women,Elimination Round,BYE,,0,Mexico,MEX,0,Mexico,MEX
World Archery Championship 2025,Compound Mixed,Gold Medal Match,India,IND,155,Netherlands,NED,157,Netherlands,NED
World Archery Championship 2025,Compound Mixed,Bronze Medal Match,Chinese Taipei,TPE,157,Mexico,MEX,158,Mexico,MEX
World Archery Championship 2025,Compound Mixed,Final,Chinese Taipei,TPE,155,India,IND,157,India,IND
World Archery Championship 2025,Compound Mixed,Final,Mexico,MEX,158,Netherlands,NED,158,Netherlands,NED
World Archery Championship 2025,Compound Mixed,Semifinal,Republic of Korea,KOR,155,Chinese Taipei,TPE,155,Chinese Taipei,TPE
World Archery Championship 2025,Compound Mixed,Semifinal,El Salvador,ESA,153,India,IND,157,India,IND
World Archery Championship 2025,Compound Mixed,Semifinal,Mexico,MEX,158,Great Britain,GBR,153,Mexico,MEX
World Archery Championship 2025,Compound Mixed,Semifinal,Netherlands,NED,155,Kazakhstan,KAZ,153,Netherlands,NED
World Archery Championship 2025,Compound Mixed,Quarterfinal,Republic of Korea,KOR,155,Brazil,BRA,153,Republic of Korea,KOR
World Archery Championship 2025,Compound Mixed,Quarterfinal,Italy,ITA,155,Chinese Taipei,TPE,155,Chinese Taipei,TPE
World Archery Championship 2025,Compound Mixed,Quarterfinal,Türkiye,TUR,154,El Salvador,ESA,156,El Salvador,ESA
World Archery Championship 2025,Compound Mixed,Quarterfinal,Germany,GER,152,India,IND,160,India,IND
World Archery Championship 2025,Compound Mixed,Quarterfinal,Mexico,MEX,159,France,FRA,157,Mexico,MEX
World Archery Championship 2025,Compound Mixed,Quarterfinal,Croatia,CRO,156,Great Britain,GBR,158,Great Britain,GBR
World Archery Championship 2025,Compound Mixed,Quarterfinal,United States of America,USA,156,Netherlands,NED,156,Netherlands,NED
World Archery Championship 2025,Compound Mixed,Quarterfinal,Kazakhstan,KAZ,157,Denmark,DEN,156,Kazakhstan,KAZ
World Archery Championship 2025,Compound Mixed,Elimination Round,Republic of Korea,KOR,0,BYE,,0,Republic of Korea,KOR
World Archery Championship 2025,Compound Mixed,Elimination Round,Brazil,BRA,154,Colombia,COL,153,Brazil,BRA
World Archery Championship 2025,Compound Mixed,Elimination Round,Italy,ITA,156,Australia,AUS,153,Italy,ITA
World Archery Championship 2025,Compound Mixed,Elimination Round,BYE,,0,Chinese Taipei,TPE,0,Chinese Taipei,TPE
World Archery Championship 2025,Compound Mixed,Elimination Round,Türkiye,TUR,0,BYE,,0,Türkiye,TUR
World Archery Championship 2025,Compound Mixed,Elimination Round,Malaysia,MAS,150,El Salvador,ESA,153,El Salvador,ESA
World Archery Championship 2025,Compound Mixed,Elimination Round,Indonesia,INA,152,Germany,GER,153,Germany,GER
World Archery Championship 2025,Compound Mixed,Elimination Round,BYE,,0,India,IND,0,India,IND
World Archery Championship 2025,Compound Mixed,Elimination Round,Mexico,MEX,0,BYE,,0,Mexico,MEX
World Archery Championship 2025,Compound Mixed,Elimination Round,Poland,POL,154,France,FRA,155,France,FRA
World Archery Championship 2025,Compound Mixed,Elimination Round,Estonia,EST,155,Croatia,CRO,155,Croatia,CRO
World Archery Championship 2025,Compound Mixed,Elimination Round,BYE,,0,Great Britain,GBR,0,Great Britain,GBR
World Archery Championship 2025,Compound Mixed,Elimination Round,United States of America,USA,0,BYE,,0,United States of America,USA
World Archery Championship 2025,Compound Mixed,Elimination Round,Puerto Rico,PUR,154,Netherlands,NED,157,Netherlands,NED
World Archery Championship 2025,Compound Mixed,Elimination Round,Kazakhstan,KAZ,156,Vietnam,VIE,150,Kazakhstan,KAZ
World Archery Championship 2025,Compound Mixed,Elimination Round,BYE,,0,Denmark,DEN,0,Denmark,DEN
World Archery Championship 2025,Recurve Mixed,Gold Medal Match,Republic of Korea,KOR,2,Spain,ESP,6,Spain,ESP
World Archery Championship 2025,Recurve Mixed,Bronze Medal Match,Germany,GER,3,Japan,JPN,5,Japan,JPN
World Archery Championship 2025,Recurve Mixed,Final,Republic of Korea,KOR,5,Germany,GER,3,Republic of Korea,KOR
World Archery Championship 2025,Recurve Mixed,Final,Spain,ESP,5,Japan,JPN,1,Spain,ESP
World Archery Championship 2025,Recurve Mixed,Semifinal,Republic of Korea,KOR,6,United States of America,USA,0,Republic of Korea,KOR
World Archery Championship 2025,Recurve Mixed,Semifinal,Germany,GER,6,Ukraine,UKR,0,Germany,GER
World Archery Championship 2025,Recurve Mixed,Semifinal,Spain,ESP,5,Mexico,MEX,3,Spain,ESP
World Archery Championship 2025,Recurve Mixed,Semifinal,Japan,JPN,5,Vietnam,VIE,1,Japan,JPN
World Archery Championship 2025,Recurve Mixed,Quarterfinal,Republic of Korea,KOR,5,Czech Republic,CZE,3,Republic of Korea,KOR
World Archery Championship 2025,Recurve Mixed,Quarterfinal,Italy,ITA,1,United States of America,USA,5,United States of America,USA
World Archery Championship 2025,Recurve Mixed,Quarterfinal,Chinese Taipei,TPE,0,Germany,GER,6,Germany,GER
World Archery Championship 2025,Recurve Mixed,Quarterfinal,Slovenia,SLO,1,Ukraine,UKR,5,Ukraine,UKR
World Archery Championship 2025,Recurve Mixed,Quarterfinal,Spain,ESP,6,Netherlands,NED,0,Spain,ESP
World Archery Championship 2025,Recurve Mixed,Quarterfinal,France,FRA,3,Mexico,MEX,5,Mexico,MEX
World Archery Championship 2025,Recurve Mixed,Quarterfinal,India,IND,4,Japan,JPN,5,Japan,JPN
World Archery Championship 2025,Recurve Mixed,Quarterfinal,Vietnam,VIE,5,People's Republic of China,CHN,4,Vietnam,VIE
World Archery Championship 2025,Recurve Mixed,Elimination Round,Republic of Korea,KOR,0,BYE,,0,Republic of Korea,KOR
World Archery Championship 2025,Recurve Mixed,Elimination Round,Czech Republic,CZE,6,Australia,AUS,0,Czech Republic,CZE
World Archery Championship 2025,Recurve Mixed,Elimination Round,Italy,ITA,5,Great Britain,GBR,4,Italy,ITA
World Archery Championship 2025,Recurve Mixed,Elimination Round,BYE,,0,United States of America,USA,0,United States of America,USA
World Archery Championship 2025,Recurve Mixed,Elimination Round,Chinese Taipei,TPE,0,BYE,,0,Chinese Taipei,TPE
World Archery Championship 2025,Recurve Mixed,Elimination Round,United Arab Emirates,UAE,2,Germany,GER,6,Germany,GER
World Archery Championship 2025,Recurve Mixed,Elimination Round,Türkiye,TUR,3,Slovenia,SLO,5,Slovenia,SLO
World Archery Championship 2025,Recurve Mixed,Elimination Round,BYE,,0,Ukraine,UKR,0,Ukraine,UKR
World Archery Championship 2025,Recurve Mixed,Elimination Round,Spain,ESP,0,BYE,,0,Spain,ESP
World Archery Championship 2025,Recurve Mixed,Elimination Round,Denmark,DEN,4,Netherlands,NED,5,Netherlands,NED
World Archery Championship 2025,Recurve Mixed,Elimination Round,France,FRA,5,Brazil,BRA,1,France,FRA
World Archery Championship 2025,Recurve Mixed,Elimination Round,BYE,,0,Mexico,MEX,0,Mexico,MEX
World Archery Championship 2025,Recurve Mixed,Elimination Round,India,IND,0,BYE,,0,India,IND
World Archery Championship 2025,Recurve Mixed,Elimination Round,Kazakhstan,KAZ,2,Japan,JPN,6,Japan,JPN
World Archery Championship 2025,Recurve Mixed,Elimination Round,Indonesia,INA,3,Vietnam,VIE,5,Vietnam,VIE
World Archery Championship 2025,Recurve Mixed,Elimination Round,BYE,,0,People's Republic of China,CHN,0,People's Republic of China,CHN
